# ************************************************************
# Sequel Pro SQL dump
# Version 4096
#
# http://www.sequelpro.com/
# http://code.google.com/p/sequel-pro/
#
# Host: localhost (MySQL 5.6.22)
# Database: jhodisco
# Generation Time: 2015-07-29 16:08:08 +0000
# ************************************************************


/*!40101 SET @OLD_CHARACTER_SET_CLIENT=@@CHARACTER_SET_CLIENT */;
/*!40101 SET @OLD_CHARACTER_SET_RESULTS=@@CHARACTER_SET_RESULTS */;
/*!40101 SET @OLD_COLLATION_CONNECTION=@@COLLATION_CONNECTION */;
/*!40101 SET NAMES utf8 */;
/*!40014 SET @OLD_FOREIGN_KEY_CHECKS=@@FOREIGN_KEY_CHECKS, FOREIGN_KEY_CHECKS=0 */;
/*!40101 SET @OLD_SQL_MODE=@@SQL_MODE, SQL_MODE='NO_AUTO_VALUE_ON_ZERO' */;
/*!40111 SET @OLD_SQL_NOTES=@@SQL_NOTES, SQL_NOTES=0 */;


# Dump of table band
# ------------------------------------------------------------

DROP TABLE IF EXISTS `band`;

CREATE TABLE `band` (
  `band` varchar(5) NOT NULL,
  `name` varchar(50) NOT NULL,
  PRIMARY KEY (`band`),
  KEY `name` (`name`)
) ENGINE=MyISAM DEFAULT CHARSET=utf8;

LOCK TABLES `band` WRITE;
/*!40000 ALTER TABLE `band` DISABLE KEYS */;

INSERT INTO `band` (`band`, `name`)
VALUES
	('ds','Desert Sessions'),
	('eodm','Eagles of Death Metal'),
	('kyuss','Kyuss'),
	('other','Other'),
	('qotsa','Queens of the Stone Age'),
	('tcv','Them Crooked Vultures');

/*!40000 ALTER TABLE `band` ENABLE KEYS */;
UNLOCK TABLES;


# Dump of table format
# ------------------------------------------------------------

DROP TABLE IF EXISTS `format`;

CREATE TABLE `format` (
  `format` varchar(5) NOT NULL,
  `name` varchar(5) NOT NULL,
  PRIMARY KEY (`format`),
  KEY `name` (`name`)
) ENGINE=MyISAM DEFAULT CHARSET=utf8;

LOCK TABLES `format` WRITE;
/*!40000 ALTER TABLE `format` DISABLE KEYS */;

INSERT INTO `format` (`format`, `name`)
VALUES
	('cd','Cd'),
	('vinyl','Vinyl');

/*!40000 ALTER TABLE `format` ENABLE KEYS */;
UNLOCK TABLES;


# Dump of table names
# ------------------------------------------------------------

DROP TABLE IF EXISTS `names`;

CREATE TABLE `names` (
  `id` int(4) NOT NULL AUTO_INCREMENT,
  `name` varchar(100) NOT NULL,
  `class` varchar(50) NOT NULL,
  PRIMARY KEY (`id`)
) ENGINE=MyISAM DEFAULT CHARSET=utf8;

LOCK TABLES `names` WRITE;
/*!40000 ALTER TABLE `names` DISABLE KEYS */;

INSERT INTO `names` (`id`, `name`, `class`)
VALUES
	(1,'RekordsRekords Record','str v7v8'),
	(2,'Crawl Home','v9v10'),
	(3,'Peace, Love, Death Metal','pldm'),
	(4,'Satellites of the Stone Age','pldm v9v10'),
	(5,'A Pair of Queens','apoq'),
	(6,'I Want You so Hard (Boy\'s Bad News)','dbs'),
	(7,'Shasta Beast','dbs'),
	(8,'Wretch','w'),
	(9,'Sons of Kyuss','sok'),
	(10,'After School Special: a Man\'s Ruin Sampler','qotsaks qotsabs mgtbo v1v2 v3v4 v5v6'),
	(11,'Demon Cleaner','mgtbo wtsv'),
	(12,'Queens of the Stone Age/Kyuss Split EP','qotsaks'),
	(13,'Burn One Up - Music for Stoners','boumfs'),
	(14,'Gamma Ray - If Only Everything','qotsaks'),
	(15,'If Only','st'),
	(16,'The Lost Art of Keeping a Secret','rr'),
	(17,'Them Crooked Vultures','tcv'),
	(18,'RSD Coachella','tcv'),
	(19,'New Fang','tcv'),
	(20,'Mind Eraser, No Chaser','tcv'),
	(21,'Death by Sexy','dbs'),
	(22,'Boots Electric - Honkey Kong','behk'),
	(23,'I Got a Feelin (Just Nineteen)','dbs'),
	(24,'Blues for the Red Sun','bftrs'),
	(25,'Gardenia','wtsv'),
	(26,'Into the Void','qotsaks mgtbo'),
	(27,'Queens of the Stone Age','st'),
	(28,'QotSA/Workhouse Movement Split EP','st'),
	(29,'Alpha Motherfuckers - A Tribute to Turbonegro','amattt'),
	(30,'I Was a Teenage Hand Model','st'),
	(31,'No One Knows','sftd'),
	(32,'Dvd by Sexy','dvbs'),
	(33,'Heart On','ho'),
	(34,'Boots Electric - Boots Electric Theme (single)','behk'),
	(35,'Wannabe in L.A.','ho'),
	(36,'Welcome to Sky Valley','wtsv'),
	(37,'Kyuss/Wool Split EP','mgtbo'),
	(38,'Queens of the Stone Age/Beaver Split EP','qotsabs'),
	(39,'QotSA/Hi-Fi Killers Split EP','st'),
	(40,'Streetlife DJs - Limited Edition Remixes One','rr'),
	(41,'First it Giveth','sftd'),
	(42,'Boots Electric - Complexity (single)','behk'),
	(43,'Anything \'Cept the Truth','ho'),
	(44,'...And the Circus Leaves Town','atclt'),
	(45,'Rated R','rr'),
	(46,'QotSA - On Tour with the Smashing Pumpkins','st'),
	(47,'Beat Torrent - Whole Lotta Love EP','sftd'),
	(48,'Feel Good Hit of the Summer','rr'),
	(49,'Go With the Flow','sftd'),
	(50,'Boots Electric - I Love You All the Thyme (single)','behk'),
	(51,'Now I\'m a Fool','ho'),
	(52,'Songs for the Deaf','sftd'),
	(53,'QotSA - Live at Bob\'s Garage','st'),
	(54,'QotSA/Rippers Split','qrs'),
	(55,'Monsters in the Parasol','rr'),
	(56,'Little Sister','ltp'),
	(57,'Essentials','pldm dbs ho'),
	(58,'Muchas Gracias: The Best Of','mgtbo'),
	(59,'Stone Age Complications','sac'),
	(60,'Outsider Sampler','st'),
	(61,'Never Say Never','rr'),
	(62,'In My Head','ltp'),
	(63,'You\'ve Got Your Orders Volume Two','ygyovt'),
	(64,'Lullabies to Paralyze','ltp'),
	(65,'Wellwater Conspiracy - Compellor','wcc'),
	(66,'Burn the Witch','ltp'),
	(67,'Over the Years and Through the Woods','otyattw'),
	(68,'Era Vulgaris','ev'),
	(69,'Heavy Metal 2000','hm2'),
	(70,'The Strokes - You Only Live Once','tsyolo'),
	(71,'The Fun Machine Took a Shit and Died','ltp'),
	(72,'Queens of the Stone Age re-master','str'),
	(73,'Ozzfest Live','rr'),
	(74,'Grinderman - Mickey Mouse and the Goodbye Man','gmmatgm'),
	(75,'3\'s & 7\'s','ev'),
	(76,'Third Man Records Vault Package #10 single','tmrvp'),
	(77,'Make It Wit Chu','ev'),
	(78,'Rise Above - 24 Black flag Songs','ra24bfs'),
	(79,'QotSA - Live at the Milky Way','sftd'),
	(80,'Everybody Knows That You\'re Insane','ltp'),
	(81,'How to Handle a Rope (A Lesson in the Lariat)','str'),
	(82,'Hot Rod OST','hro'),
	(83,'The Arch Cupcake - Ugly Sweater Party','ev'),
	(84,'You Know What You Did (Era Vulgaris)','ev'),
	(85,'UNKLEsounds - Do Androids Dream of Electric Beats','rr'),
	(86,'The Fun Machine Took a Shit and Died','ev'),
	(87,'Chimes of Freedom - The Songs of Bob Dylan','coftsobd'),
	(88,'Sick, Sick, Sick','ev'),
	(89,'Killer Queen - a tribute to Queen','kqattq'),
	(90,'Florence + the Machine unplugged','ftmu'),
	(96,'Volume 1 & Volume 2','v1v2'),
	(97,'Volume 3 & Volume 4','v3v4'),
	(98,'Volume 5 & Volume 6','v5v6'),
	(99,'Volume 7: Gypsy Marches & Volume 8: Can You See Under My Thumb? There You Are','v7v8'),
	(100,'Volume 9: I See You Hearin Me & Volume 10: I Heart Disco','v9v10'),
	(101,'IRock promo','v9v10'),
	(102,'Volume 1: Instrumental Driving Music for Felons','v1'),
	(103,'Volume 2: Status-Ships Commander Butchered','v2'),
	(104,'Volume 3: Set Co-Ordinates for the White Dwarf','v3'),
	(105,'Volume 4: Hard Walls and Little Trips','v4'),
	(106,'Volume 5: Poetry for the Masses (SeaShedShitheadByTheSheSore)','v5'),
	(107,'Volume 6: Black Anvil Ego','v6'),
	(108,'Desert Sessions Resurrection','dsr v1 v2 v3 v4 v5 v6'),
	(109,'Vinyl firsts, B-sides & remixes','vfbsar'),
	(110,'Speaking in Tongues/I Only Want You MiniDV','pldm'),
	(111,'...Like Clockwork','lc'),
	(112,'My God is the Sun','mgits lc'),
	(113,'I Sat By the Ocean','isbto lc'),
	(114,'Era Vulgaris Time','ev'),
	(115,'The Vampyre of Time and Memory','tvotam lc'),
	(116,'UNKLE - Restless','ur'),
	(117,'Matador  Records - It\'s Been a Business Doing Pleasure With You','ibabdpwy'),
	(118,'Sound City - Real to Reel','scrtr'),
	(119,'If I Had a Tail','iihat lc'),
	(120,'Smooth Sailing','ss lc'),
	(121,'BMG Music Speaks Volumes Taster #6','bmsvt6 dbs'),
	(122,'Complexity','complexity zd'),
	(123,'Nobody to Love (End of Watch)','ntl'),
	(124,'This is Where I Belong - The Songs of Ray Davies & The Kinks','tiwibtsordatk rr'),
	(125,'Elektra Entertainment March 1993 New Releases','eem1993nr w'),
	(126,'QOTSA ACL/TX','qat');

/*!40000 ALTER TABLE `names` ENABLE KEYS */;
UNLOCK TABLES;


# Dump of table release
# ------------------------------------------------------------

DROP TABLE IF EXISTS `release`;

CREATE TABLE `release` (
  `id` int(4) NOT NULL AUTO_INCREMENT,
  `band` varchar(5) NOT NULL,
  `type` varchar(10) NOT NULL,
  `format` varchar(5) NOT NULL,
  `year` varchar(4) NOT NULL,
  `id_name` int(5) NOT NULL,
  PRIMARY KEY (`id`),
  KEY `band` (`band`),
  KEY `type` (`type`),
  KEY `format` (`format`),
  KEY `id_name` (`id_name`)
) ENGINE=MyISAM DEFAULT CHARSET=utf8;

LOCK TABLES `release` WRITE;
/*!40000 ALTER TABLE `release` DISABLE KEYS */;

INSERT INTO `release` (`id`, `band`, `type`, `format`, `year`, `id_name`)
VALUES
	(1,'ds','other','vinyl','2011',1),
	(2,'ds','single','vinyl','2003',2),
	(3,'eodm','lp','cd','2004',3),
	(4,'eodm','lp','vinyl','2004',3),
	(5,'eodm','other','cd','2004',4),
	(6,'eodm','other','vinyl','2004',5),
	(7,'eodm','single','cd','2005',6),
	(8,'eodm','single','vinyl','2005',7),
	(9,'kyuss','lp','cd','1991',8),
	(10,'kyuss','lp','vinyl','1991',9),
	(11,'kyuss','other','cd','2000',10),
	(12,'kyuss','single','cd','1994',11),
	(13,'kyuss','single','vinyl','1994',11),
	(14,'qotsa','lp','cd','1997',12),
	(15,'qotsa','lp','vinyl','1997',12),
	(16,'qotsa','other','cd','1997',13),
	(17,'qotsa','other','vinyl','1996',14),
	(18,'qotsa','single','cd','1988',15),
	(19,'qotsa','single','vinyl','2000',16),
	(20,'tcv','lp','cd','2009',17),
	(21,'tcv','lp','vinyl','2009',17),
	(22,'tcv','other','cd','2010',18),
	(23,'tcv','single','cd','2009',19),
	(24,'tcv','single','vinyl','2010',20),
	(25,'eodm','lp','cd','2006',21),
	(26,'eodm','lp','vinyl','2006',21),
	(27,'eodm','other','cd','2011',22),
	(28,'eodm','other','vinyl','2011',22),
	(29,'eodm','single','cd','2005',23),
	(30,'eodm','single','vinyl','2005',6),
	(31,'kyuss','lp','cd','1992',24),
	(32,'kyuss','lp','vinyl','1991',8),
	(33,'kyuss','single','cd','1995',25),
	(34,'kyuss','single','vinyl','1995',26),
	(35,'qotsa','lp','cd','1998',27),
	(36,'qotsa','lp','vinyl','1998',27),
	(37,'qotsa','other','cd','1999',28),
	(38,'qotsa','other','vinyl','2001',29),
	(39,'qotsa','single','cd','1998',30),
	(40,'qotsa','single','vinyl','2002',31),
	(41,'tcv','single','cd','2009',20),
	(42,'eodm','lp','cd','2006',32),
	(43,'eodm','lp','vinyl','2009',33),
	(44,'eodm','other','cd','2011',34),
	(45,'eodm','single','cd','2008',35),
	(46,'eodm','single','vinyl','2006',23),
	(47,'kyuss','lp','cd','1994',36),
	(48,'kyuss','lp','vinyl','1992',24),
	(49,'kyuss','single','vinyl','1996',37),
	(50,'qotsa','lp','cd','1998',38),
	(51,'qotsa','lp','vinyl','1998',38),
	(52,'qotsa','other','cd','1999',39),
	(53,'qotsa','other','vinyl','2008',40),
	(54,'qotsa','single','cd','2000',16),
	(55,'qotsa','single','vinyl','2003',41),
	(56,'eodm','lp','cd','2008',33),
	(57,'eodm','other','cd','2011',42),
	(58,'eodm','single','cd','2009',43),
	(59,'eodm','single','vinyl','2008',35),
	(60,'kyuss','lp','cd','1995',44),
	(61,'kyuss','lp','vinyl','1994',36),
	(62,'qotsa','lp','cd','2000',45),
	(63,'qotsa','lp','vinyl','2000',45),
	(64,'qotsa','other','cd','1999',46),
	(65,'qotsa','other','vinyl','2009',47),
	(66,'qotsa','single','cd','2000',48),
	(67,'qotsa','single','vinyl','2003',49),
	(68,'eodm','other','cd','2012',50),
	(69,'eodm','single','cd','2009',51),
	(70,'kyuss','lp','cd','1997',12),
	(71,'kyuss','lp','vinyl','1995',44),
	(72,'qotsa','lp','cd','2002',52),
	(73,'qotsa','lp','vinyl','2002',52),
	(74,'qotsa','other','cd','1999',53),
	(75,'qotsa','other','vinyl','2010',54),
	(76,'qotsa','single','cd','2000',55),
	(77,'qotsa','single','vinyl','2005',56),
	(78,'eodm','other','cd','20xx',57),
	(79,'kyuss','lp','cd','2000',58),
	(80,'kyuss','lp','vinyl','1997',12),
	(81,'qotsa','lp','cd','2004',59),
	(82,'qotsa','lp','vinyl','2004',59),
	(83,'qotsa','other','cd','1999',60),
	(84,'qotsa','other','vinyl','2011',1),
	(85,'qotsa','single','cd','2000',61),
	(86,'qotsa','single','vinyl','2005',62),
	(87,'eodm','other','cd','20xx',63),
	(88,'kyuss','lp','vinyl','2000',58),
	(89,'qotsa','lp','cd','2005',64),
	(90,'qotsa','lp','vinyl','2005',64),
	(91,'qotsa','other','cd','2000',10),
	(92,'other','single','vinyl','1998',65),
	(93,'qotsa','single','cd','2002',31),
	(94,'qotsa','single','vinyl','2005',66),
	(95,'qotsa','lp','cd','2005',67),
	(96,'qotsa','lp','vinyl','2007',68),
	(97,'qotsa','other','cd','2000',69),
	(98,'other','single','vinyl','2005',70),
	(99,'qotsa','single','cd','2003',49),
	(100,'qotsa','single','vinyl','2005',71),
	(101,'qotsa','lp','cd','2007',68),
	(102,'qotsa','lp','vinyl','2011',72),
	(103,'qotsa','other','cd','2001',73),
	(104,'other','single','vinyl','2011',74),
	(105,'qotsa','single','cd','2003',41),
	(106,'qotsa','single','vinyl','2007',75),
	(107,'qotsa','lp','cd','2011',72),
	(108,'qotsa','other','cd','2001',29),
	(109,'other','single','vinyl','2012',76),
	(110,'qotsa','single','cd','2005',56),
	(111,'qotsa','single','vinyl','2007',77),
	(112,'qotsa','other','cd','2002',78),
	(113,'qotsa','single','cd','2005',62),
	(114,'qotsa','single','vinyl','2010',48),
	(115,'qotsa','other','cd','2002',79),
	(116,'qotsa','single','cd','2005',80),
	(117,'qotsa','single','vinyl','2011',81),
	(118,'other','lp','cd','2007',82),
	(119,'qotsa','single','cd','2005',66),
	(120,'qotsa','other','cd','200x',83),
	(121,'qotsa','single','cd','2007',84),
	(122,'qotsa','other','cd','2002',85),
	(123,'qotsa','single','cd','2007',86),
	(124,'qotsa','other','cd','2012',87),
	(125,'qotsa','single','cd','2007',88),
	(126,'other','lp','cd','2005',89),
	(127,'qotsa','single','cd','2007',77),
	(128,'other','lp','cd','2012',90),
	(129,'qotsa','single','cd','2007',75),
	(130,'qotsa','single','cd','2011',81),
	(131,'ds','lp','cd','1998',96),
	(132,'ds','lp','cd','1998',97),
	(133,'ds','lp','cd','1999',98),
	(134,'ds','lp','cd','2001',99),
	(135,'ds','lp','cd','2003',100),
	(138,'ds','other','cd','2004',4),
	(139,'ds','other','cd','2003',101),
	(140,'ds','other','cd','2000',10),
	(141,'ds','single','cd','2003',2),
	(142,'ds','lp','vinyl','1997',102),
	(143,'ds','lp','vinyl','1997',103),
	(144,'ds','lp','vinyl','1998',104),
	(145,'ds','lp','vinyl','1998',105),
	(146,'ds','lp','vinyl','1999',106),
	(147,'ds','lp','vinyl','1999',107),
	(148,'ds','other','vinyl','2002',108),
	(149,'ds','lp','vinyl','2001',99),
	(150,'ds','lp','vinyl','2003',100),
	(151,'qotsa','other','vinyl','2012',109),
	(152,'eodm','other','cd','2004',110),
	(153,'qotsa','lp','cd','2013',111),
	(154,'qotsa','single','cd','2013',112),
	(155,'qotsa','single','cd','2013',113),
	(156,'qotsa','lp','vinyl','2013',111),
	(157,'qotsa','other','vinyl','2013',114),
	(158,'qotsa','single','cd','2013',115),
	(159,'other','single','vinyl','2008',116),
	(160,'qotsa','other','vinyl','2013',117),
	(161,'other','lp','vinyl','2013',118),
	(162,'other','other','cd','2013',118),
	(163,'qotsa','single','cd','2014',119),
	(164,'qotsa','single','cd','2014',120),
	(165,'eodm','other','cd','2007',121),
	(166,'eodm','single','cd','2015',122),
	(167,'other','single','cd','2012',123),
	(168,'qotsa','other','cd','2002',124),
	(169,'kyuss','other','cd','1993',125),
	(170,'qotsa','other','vinyl','2014',126);

/*!40000 ALTER TABLE `release` ENABLE KEYS */;
UNLOCK TABLES;


# Dump of table subrelease
# ------------------------------------------------------------

DROP TABLE IF EXISTS `subrelease`;

CREATE TABLE `subrelease` (
  `id` int(4) NOT NULL AUTO_INCREMENT,
  `id_release` int(4) NOT NULL,
  `year` varchar(4) NOT NULL,
  `name` varchar(200) NOT NULL,
  `matrix` varchar(150) NOT NULL,
  `label` varchar(50) NOT NULL,
  `info` varchar(150) NOT NULL,
  `pubDate` timestamp NOT NULL DEFAULT CURRENT_TIMESTAMP,
  PRIMARY KEY (`id`,`id_release`),
  KEY `id_release` (`id_release`)
) ENGINE=MyISAM DEFAULT CHARSET=utf8;

LOCK TABLES `subrelease` WRITE;
/*!40000 ALTER TABLE `subrelease` DISABLE KEYS */;

INSERT INTO `subrelease` (`id`, `id_release`, `year`, `name`, `matrix`, `label`, `info`, `pubDate`)
VALUES
	(1,1,'2011','US','REK 006 T. A - BB 30860-01 A, T. B1 - 01 B','Domino/RekRek','Picture disc, 10\", run of 1000','2012-09-05 16:30:33'),
	(1,2,'2003','','LC00407, IS-835-A - OR, B - OR','Island Records','Black press, 7\"','2012-09-05 16:30:33'),
	(1,3,'2004','US','AAA 999 01!!','AntAcidAudio','8923009992','2012-09-05 16:30:33'),
	(1,4,'2004','pink','AAA-999-A, B','AntAcidAudio','Pink press, 12\"','2012-09-05 16:30:33'),
	(1,5,'2004','','#14686','Ipecac+RR+Quiksilver','-','2012-09-05 16:30:33'),
	(1,6,'2004','red','MICAH BOOGIE BOY, JESSE WOOGIE MAN','independent release','Red press, 7\"','2012-09-05 16:30:33'),
	(1,7,'2005','US','X25988 4 DWT2 70P-2 RE-1 01.','Downtown Music','-','2012-09-05 16:30:33'),
	(1,8,'2005','promo blank','63755H2A, 63755H1B - www.gzvinyl.com','independent release','Black press, 7\"','2012-09-05 16:30:33'),
	(1,9,'1991','','CD 370561256-2.2 V01','Dali Records','3705-61256-2','2012-09-05 16:30:33'),
	(1,10,'2009','re-press','BH-0001-A RE-1 Kdisc ch L 35948 STAGE III, -B Kdisc ch KYUSS The L35948X','Black Highway Music','Clear press, 12\"','2012-09-05 16:30:33'),
	(1,11,'2000','','USMD-CA 05751-A','Man\'s Ruin','-','2012-09-05 16:30:33'),
	(1,12,'1994','double cd','EKR192CD1, EKR192CD2','Elektra','7559-66185-2','2012-09-05 16:30:33'),
	(1,13,'1994','','EKR 192 A-1-1-QI, B-1-1-QI','Elektra','Sky Blue press, 7\"','2012-09-05 16:30:33'),
	(1,14,'1997','first press','02286-A','Man\'s Ruin','-','2012-09-05 16:30:33'),
	(1,15,'200x','boot','-','Man\'s Ruin','Blue press, many other colors out there, 12\", no official press','2012-09-05 16:30:33'),
	(1,16,'1997','','SONOPRESS S-2658/ RR88382 A','Roadrunner','1686188382','2012-09-05 16:30:33'),
	(1,17,'1996','G with Ray','MR-036-A F-1 - L-46766, MR-036-B F-1 - MASTERED BY CAPITOL Wally L-46766-X','Man\'s Ruin','Clear press, 7\", G with a Ray','2012-09-05 16:30:33'),
	(1,18,'1988','US promo','28758AD-02DR LG0021-PR01 980809-10 19D3-2711','Loosegroove','-','2012-09-05 16:30:33'),
	(1,19,'2000','','LC06406, DH-00-6 49 73 87-7 A, DH-00-6 49 73 87-7 B','Interscope','Black press, 7\"','2012-09-05 16:30:33'),
	(1,20,'2009','EU','53895001/88697619362 21','RCA','8697619362','2012-09-05 16:30:33'),
	(1,21,'2009','UK','88697619361 - B985824-01 A1, -01 B1, -02 C1, -02 D1','RCA','Black press, 2x12\", gatefold','2012-09-05 16:30:33'),
	(1,22,'2010','promo','1277738','-','-','2012-09-05 16:30:33'),
	(1,23,'2009','US promo acetate','-','Interscope','-','2012-09-05 16:30:33'),
	(1,24,'2010','UK','88697669081 - BA99513-01 A1 HL, B1 HL','RCA','Picture Disc, 10\"','2012-09-05 16:30:33'),
	(1,25,'2006','US','Z50187 4 DWN2 2006P-2 RE-1 02','Downtown Music','7803700012','2012-09-05 16:30:33'),
	(1,26,'2006','black','102218A1FK, 102218B2FK','Cargo','Black press, 12\", gatefold','2012-09-05 16:30:33'),
	(1,27,'2011','US signed booklet','DIDX-768089 1','Dangerbird','4280300692','2012-09-05 16:30:33'),
	(1,28,'2011','','DGB 069V-RE-A/B WGINRP','Dangerbird','Black press, 12\", gatefold','2012-09-05 16:30:33'),
	(1,29,'2005','US promo','X26958 4 DWT 7008P-2 02','Downtown Music','-','2012-09-05 16:30:33'),
	(1,30,'2005','US','DWT 7-70 P A (both sides)','Downtown Music','Black press, 7\"','2012-09-05 16:30:33'),
	(1,31,'1992','','CD 370561340-2.2 V01','Dali Records','3705-61340-2','2012-09-05 16:30:33'),
	(1,32,'1991','','ST-E-61256 A-2, B-2','Dali Records','Black press, 12\"','2012-09-05 16:30:33'),
	(1,33,'1995','','755966153-2 WME','Elektra','7559661532','2012-09-05 16:30:33'),
	(1,34,'1995','purple','L-46746 Wally - MR-015-A, L-46746X Wally - MR-015-B','Man\'s Ruin','Purple press, 10\", forget','2012-09-05 16:30:33'),
	(1,35,'1998','US','LG0021-2 28438A L806 8685 LG00212 U80813-01 A','Loosegroove','615695002125','2012-09-05 16:30:33'),
	(1,36,'1998','black','MR-151-A - L-50953, MR-151-B - L-50953X','Man\'s Ruin','Black vinyl, 12\", run of 2500','2012-09-05 16:30:33'),
	(1,37,'1999','','Z-6780/ RR21753 A','Roadrunner','1686121753','2012-09-05 16:30:33'),
	(1,38,'2001','','B149284-01 A1 MK, B1, C1, D1','Bitzcore','Black press, 2x12\" gatefold, with poster','2012-09-05 16:30:33'),
	(1,39,'1998','promo','X-6257/RRPROMO374 A','Roadrunner','-','2012-09-05 16:30:33'),
	(1,40,'2002','','LC06406, 497-812-7+A - OR, 497-812-7+B - OR Soundmasters','Interscope','Grey marbled, 7\"','2012-09-05 16:30:33'),
	(1,41,'2009','US promo acetate','-','Interscope','-','2012-09-05 16:30:33'),
	(1,42,'2006','','4 70012.1.A VA02','Downtown Music','7803700129','2012-09-05 16:30:33'),
	(1,43,'2009','picture disc','www.gzvinyl.com-VVR 957237-A/B 79982E1A/2A','Downtown Music','Picture Disc, 12\", run of 1000','2012-09-05 16:30:33'),
	(1,44,'2011','','-','Dangerbird','-','2012-09-05 16:30:33'),
	(1,45,'2008','US promo','51382 PLAY-IT PRODUCTIONS DR8-6430','Downtown Music','-','2012-09-05 16:30:33'),
	(1,46,'2006','','LC00162, B666349-01A1 - 88697027177, -01B1 - 88697027177','Columbia','White press, 7\"','2012-09-05 16:30:33'),
	(1,47,'1994','','CD 755961571-2.2 V01','Elektra','7559-61571-2','2012-09-05 16:30:33'),
	(1,48,'1999','re-press','B533231-01 A1, -01 B1','Dali Records','Black press, 12\"','2012-09-05 16:30:33'),
	(1,49,'1996','black','BL-26-A/B - L-45952/-X','Bong Load Records','Black press, 7\"','2012-09-05 16:30:33'),
	(1,50,'1998','first press','03474-A MR 141','Man\'s Ruin','3197501412','2012-09-05 16:30:33'),
	(1,51,'1998','','MR-141-A - L-50639, MR-141-B - L50639X','Man\'s Ruin','Green marbled vinyl, 10\"','2012-09-05 16:30:33'),
	(1,52,'1999','','29920AD-01BR LGSAMPLER- 991810-14 4OD3-1412','Loosegroove','-','2012-09-05 16:30:33'),
	(1,53,'2008','','EURODISC-SL003-A - 76619M1/A, SL003-A - 76619M2/B ','Streetlife DJs','Picture Disc, 12\", run of 500','2012-09-05 16:30:33'),
	(1,54,'2000','EU','06069 497 402-2 01 + 51047717','Interscope','0694974022','2012-09-05 16:30:33'),
	(1,55,'2003','','LC06406, 9810506+A Streaky&Soundmasters - OR, 9810506+B - OR','Interscope','Red press, 7\"','2012-09-05 16:30:33'),
	(1,56,'2008','US','DWT 700 51 01$','Downtown Music','7803700512','2012-09-05 16:30:33'),
	(1,57,'2011','US promo acetate','-','Dangerbird','-','2012-09-05 16:30:33'),
	(1,58,'2009','promo acetate','-','Downtown Music','-','2012-09-05 16:30:33'),
	(1,59,'2008','promo','DWT8-70056, DWT8-70056','Downtown Music','Black press, 10\"','2012-09-05 16:30:33'),
	(1,60,'1995','','CD 755961811-2.2 V01','Elektra','7559-61811-2','2012-09-05 16:30:33'),
	(1,61,'1999','re-press','B819881-01 A1/B1 WMME Alsdorf 755 961571-1-A/B','Elektra','Black press, 12\"','2012-09-05 16:30:33'),
	(1,62,'2000','EU','06069 490 683-2 02 * 51032806','Interscope','0694906832','2012-09-05 16:30:33'),
	(1,63,'2000','Rated X','LC06406 000-000-0, B041493-01 A1 MK, B1 MK','Interscope','Black press, 12\", gatefold','2012-09-05 16:30:33'),
	(1,64,'1999','','*1D* LGSAMPLE3','Loosegroove','-','2012-09-05 16:30:33'),
	(1,65,'2009','','KIFF HH 129 A, KIFF HH 129 B','Kiff Records','Black press, 12\"','2012-09-05 16:30:33'),
	(1,66,'2000','EU','4974552 01 6','Interscope','6069445523','2012-09-05 16:30:33'),
	(1,67,'2003','','LC06406, 497-870-0+A - OR, 497-870-0+B - OR','Interscope','Clear press, 12\"','2012-09-05 16:30:33'),
	(1,68,'2012','promo','COOPR428 01','Coop','-','2012-09-05 16:30:33'),
	(1,69,'2009','US promo','COOPR168 01','Downtown Music','-','2012-09-05 16:30:33'),
	(1,70,'1997','first press','02286-A','Man\'s Ruin','-','2012-09-05 16:30:33'),
	(1,71,'1999','re-press','B819873-01 A1/B1 WMME Alsdorf 755 961811-1-A/B','Elektra','Black press, 12\"','2012-09-05 16:30:33'),
	(1,72,'2002','US','069 493 4252R1 02@','Interscope','D145358','2012-09-05 16:30:33'),
	(1,73,'2002','UK','LC06406, 6069493 475 12 A1, 6069-493-475-12 B1, 6069-493-476-1-1 A1, 6069-493-476-1-1 B1','Interscope','Black press, 2x12\" gatefold','2012-09-05 16:30:33'),
	(1,74,'1999','','-','Loosegroove','-','2012-09-05 16:30:33'),
	(1,75,'2010','','none (scratched surface)','SubPop','Black press, 7\", SP899','2012-09-05 16:30:33'),
	(1,76,'2000','EU promo','PARASOL1 01 6','Interscope','-','2012-09-05 16:30:33'),
	(1,77,'2005','','LC06406, 006024988067 IS-A - OR, 006024988067 IS-B - OR','Interscope','Picture disc, 7\"','2012-09-05 16:30:33'),
	(1,78,'20xx','','-','Dangerbird','-','2012-09-05 16:30:33'),
	(1,79,'2000','','755962571-2 08/00','Elektra','7559625712','2012-09-05 16:30:33'),
	(1,80,'20xx','boot','-','Man\'s Ruin','Blue press, many other colors out there, 12\", no official press ','2012-09-05 16:30:33'),
	(1,81,'2004','','B000246702 9307017000','Interscope/RekordsRekords','0249862289','2012-09-05 16:30:33'),
	(1,82,'200x','boot','-','Interscope','Black press, many other colors out there, 12\",  no official release','2012-09-05 16:30:33'),
	(1,83,'1999','','0126000-SAMP2125 01','Roadrunner','-','2012-09-05 16:30:33'),
	(1,84,'2011','US','REK 006 T. A - BB 30860-01 A, T. B1 - 01 B','Domino/RekRek','Picture disc, 10\", run of 1000','2012-09-05 16:30:33'),
	(1,85,'2000','BugMusic promo (thx Stonerpope)','??','BugMusic','-','2012-09-05 16:30:33'),
	(1,86,'2005','','LC06406, 988-354-2 A, 988-354-2 B','Interscope','Picture disc, 7\"','2012-09-05 16:30:33'),
	(1,87,'20xx','','0117 CPR2 WWW.FURNACECD.COM F40429-23 A','Chrome Peeler Records','1157453132','2012-09-05 16:30:33'),
	(1,88,'2000','','B037599-01 A1 HL, 01 B1 HL, 02 C1 HL, 02 D1 HL','Elektra','Black press, 2x12\"','2012-09-05 16:30:33'),
	(1,89,'2005','US','B00 041 8602 01$ AD','Interscope','D161200','2012-09-05 16:30:33'),
	(1,90,'2005','','AAA 996, lullabies rekords rekords A, B, C-R1, D-R1','RekordsRekords','Orange, purple marbled press, 2x12\" gatefold','2012-09-05 16:30:33'),
	(1,91,'2000','','USMD-CA 05751-A','Man\'s Ruin','-','2012-09-05 16:30:33'),
	(1,92,'1998','','NR-20675-A, NR-20675-m-B','super electro','Black press, 7\", run of 1000','2012-09-05 16:30:33'),
	(1,93,'2002','EU cd1','4978082 01 6','Interscope','606949780821','2012-09-05 16:30:33'),
	(1,94,'2005','','987919-1 SIDE 1-1, 987919-1 SIDE 2-1','Interscope','Picture disc, 7\"','2012-09-05 16:30:33'),
	(1,95,'2005','jewelcase','06024 988 790-2 01 * 51671697, 06024 988 790-3 51 01 * 51670821','Interscope','0249887105','2012-09-05 16:30:33'),
	(1,96,'2007','','IPC91-A, B, C, D, E, F','Ipecac','Black press, 3x10\" gatefold','2012-09-05 16:30:33'),
	(1,97,'2000','','L806 1168 01877737172 M00119-26 A, 1VMA3<1942>HEAVYMETAL','Restless','1877737332','2012-09-05 16:30:33'),
	(1,98,'2005','','RTRADS 312 A, RTRADS 312 B','Rough Trade','Black press, 7\"','2012-09-05 16:30:33'),
	(1,99,'2003','EU #1','DISCTRONICS 4978692 01','Interscope','606949786922','2012-09-05 16:30:33'),
	(1,100,'2005','promo','FUNMACHINE 1 A2, FUNMACHINE 1 B2','??','Black press, 7\"','2012-09-05 16:30:33'),
	(1,101,'2007','CA','LT36 B000903902 #70518Z03','Interscope','0251734656','2012-09-05 16:30:33'),
	(1,102,'2011','US','IPC124LP-A, B, C, D','Ipecac/RekRek','Black press, 2x12\", gatefold','2012-09-05 16:30:33'),
	(1,103,'2001','','EMI UDEN 2501792 @2, @1','Divine/Priority records','4992501972','2012-09-05 16:30:33'),
	(1,104,'2011','','12 MUTE 452 BB40556-01 A1 Stu, 12 MUTE 452 BB40556-01 B1','Mute','Picture disc, 12\"','2012-09-05 16:30:33'),
	(1,105,'2003','EU #1','DISCTRONICS 9810505 01','Interscope','0249810505','2012-09-05 16:30:33'),
	(1,106,'2007','','LC06406, 1735381 A-1, 1735381 B-1','Interscope','Black press, 7\"','2012-09-05 16:30:33'),
	(1,107,'2011','EU','020 8691 2121 REK001CDP','Domino/RekordsRekords','5034202600626','2012-09-05 16:30:33'),
	(1,108,'2001','','B10481 QW 656 70','Hopelesss records','9069206562','2012-09-05 16:30:33'),
	(1,109,'2012','','WGINRP TMR-126-A A PSYCHO DISCO KILLER, WGINRP TMR-126-B DUDE TOOK MY DRUM STICK. GAVE IT BACK','Third Man Records','Black press, 7\"','2012-09-05 16:30:33'),
	(1,110,'2005','AU','9880591 01','Interscope','0249880591','2012-09-05 16:30:33'),
	(1,111,'2007','acoustic','LC06406, 09589 1A 1753953, 09589 1B 1753953','Interscope','Black press, 7\"','2012-09-05 16:30:33'),
	(1,112,'2002','','SANCD125 02 5','Sanctuary','5050159012527','2012-09-05 16:30:33'),
	(1,113,'2005','EU #1','9883541 01','Interscope','0249883541','2012-09-05 16:30:33'),
	(1,114,'2010','','B001411911-A, B001411911-B','Interscope','Picture disc, 10\"','2012-09-05 16:30:33'),
	(1,115,'2002','','-','Interscope','-','2012-09-05 16:30:33'),
	(1,116,'2005','promo (actual track is In My Head)','INSANE1 01','Interscope','-','2012-09-05 16:30:33'),
	(1,117,'2011','','REK 004 A, B','Domino/RekRek','Black press, 7\", run of 1000','2012-09-05 16:30:33'),
	(1,118,'2007','','A0000078800X0101 01','Legacy/Sony','0886971446029','2012-09-05 16:30:33'),
	(1,119,'2005','EU','9879554 01','Interscope','0249879554','2012-09-05 16:30:33'),
	(1,120,'200x','','-','Patriarch','-','2012-09-05 16:30:33'),
	(1,121,'2007','promo with letter','-','Turn Up the Music, inc.','7 90 17-104 -9','2012-09-05 16:30:33'),
	(1,122,'2002','promo','SHIN 5839/GI 5840/TAI 5841-PR ANDROIDS DREAM #1/#2/#3','UNKLE Sounds','-','2012-09-05 16:30:33'),
	(1,123,'2007','promo','INT R12 1772 02!!','Interscope','-','2012-09-05 16:30:33'),
	(1,124,'2012','','06025 279 461-9 01 + 52875406','Fontana International','1797401001','2012-09-05 16:30:33'),
	(1,125,'2007','EU #1','06025 173 537-7 01 * 51899659','Interscope','0251735377','2012-09-05 16:30:33'),
	(1,126,'2005','','UM48-2597 HR 62522.2 DDA0507459','Hollywood Records','720676252227','2012-09-05 16:30:33'),
	(1,127,'2007','EU','IFPI 0142','Interscope','0251747281','2012-09-05 16:30:33'),
	(1,128,'2012','','06025 279 832-6 07 * 52912495, 06025 279 974-9 50 01 + 5291189','Universal-Island Records','602527998077','2012-09-05 16:30:33'),
	(1,129,'2007','EU #1','1735379 02','Interscope','0251735379','2012-09-05 16:30:33'),
	(1,130,'2011','UK promo','-','Domino/RekordsRekords','-','2012-09-05 16:30:33'),
	(1,131,'1998','','IFPI L791 161134-2W1','Man\'s Ruin','3197500932','2012-09-05 16:30:33'),
	(1,132,'1998','','IFPI L792 167898-W1-8252-A **MR 113**','Man\'s Ruin','3197501132','2012-09-05 16:30:33'),
	(1,133,'1999','','IFPI L793 173440-2XD1-9177-A *MR123CD*','Man\'s Ruin','3197501232','2012-09-05 16:30:33'),
	(1,134,'2001','','DOC-31956-1 RR1','SouthernLord/RekordsRekords','-','2012-09-05 16:30:33'),
	(1,135,'2003','','IPC 44C D 02%%','Ipecac','-','2012-09-05 16:30:33'),
	(1,138,'2004','','#14686','Ipecac+RR+Quiksilver','-','2012-09-05 16:30:33'),
	(1,139,'2003','','-','Universal Island Records','-','2012-09-05 16:30:33'),
	(1,140,'2000','','USMD-CA 05751-A','Man\'s Ruin','-','2012-09-05 16:30:33'),
	(1,141,'2003','EU promo 1','DISCTRONICS CIDDJ835 01','Island','-','2012-09-05 16:30:33'),
	(1,142,'1997','','L-49391 - MR-081-A, L-49391X - MR-081-B','Man\'s Ruin','Blue press, 10\"','2012-09-05 16:30:33'),
	(1,143,'1997','','L-49777 - MR-082-A, L-49777X - MR-082-B','Man\'s Ruin','Orange press, 10\"','2012-09-05 16:30:33'),
	(1,144,'1998','colored inside','L-49889 - MR-111-A, L-49889X - MR-111-B','Man\'s Ruin','Clear press, 10\"','2012-09-05 16:30:33'),
	(1,145,'1998','','L-50638 - MR-112-A, L-50638X - MR-112-B','Man\'s Ruin','Cream press, 10\"','2012-09-05 16:30:33'),
	(1,146,'1999','','L51627 - MR-121-A, L51627X - MR-121-B','Man\'s Ruin','Clear press, 10\"','2012-09-05 16:30:33'),
	(1,147,'1999','','L-51626 - MR-122-A, L-51626X - MR-122-B','Man\'s Ruin','Clear press, 10\"','2012-09-05 16:30:33'),
	(1,148,'2002','boot','RESURRECTION-1598-A, B, C, D','none','Black/Red press, 2x12\"','2012-09-05 16:30:33'),
	(1,149,'2001','','RR1-SUNN12 Sessions 7-A, 7-B, 8-A, 8-B','RekordsRekords/SouthernLord','Black/White press, 2x10\"','2012-09-05 16:30:33'),
	(1,150,'2003','','IPC-44-A, B, C, D','RekordsRekords','Black press, 2x10\"','2012-09-05 16:30:33'),
	(2,1,'2011','EU','REK 006 T. A - BB 30860-01 A, T. B - 01 B','Domino/RekRek','Picture disc, 10\", run of 1000','2012-09-05 16:30:33'),
	(2,3,'2004','EU','AAA-999 07 AVR 04 @','Sothern Records','8923009992','2012-09-05 16:30:33'),
	(2,4,'2004','black','AAA-999-A, B','AntAcidAudio','Black press, 12\"','2012-09-05 16:30:33'),
	(2,6,'2004','black','MICAH BOOGIE BOY, JESSE WOOGIE MAN','independent release','Black press, 7\"','2012-09-05 16:30:33'),
	(2,7,'2006','EU','IFPI L555 S0100727107-0101 15','Columbia','2876886682','2012-09-05 16:30:33'),
	(2,8,'2005','promo rockfeedback.com','63755H2A, 63755H1B - www.gzvinyl.com','independent release','Black press, 7\"','2012-09-05 16:30:33'),
	(2,14,'2000','RED distribution','USMD-CA 02286-A','Man\'s Ruin/RED Distribution','99675 10092','2012-09-05 16:30:33'),
	(2,16,'1997','promo cassette','-','-','-','2012-09-05 16:30:33'),
	(2,17,'1996','G brown veined','MR-036-A F-1 - L-46766, MR-036-B F-1 - MASTERED BY CAPITOL Wally L-46766-X','Man\'s Ruin','Clear press with Brown Veins, 7\", G with a Ray','2012-09-05 16:30:33'),
	(2,18,'1998','AUS promo','QUEENS OF THE STONE AGE ML-DISK 2624','Roadrunner','-','2012-09-05 16:30:33'),
	(2,20,'2009','JP promo','IFPIL276 PLD878X 1','RCA','547366051209','2012-09-05 16:30:33'),
	(2,21,'2009','US','B0013785-01 A, B, C, D','DGC','Black press, 2x12\", gatefold','2012-09-05 16:30:33'),
	(2,23,'2009','UK promo acetate','-','Columbia','-','2012-09-05 16:30:33'),
	(2,24,'2010','US','B0014169-11A, -11B','DGC','Picture Disc, 10\", red sleeve','2012-09-05 16:30:33'),
	(2,25,'2006','EU','IFPI l554 S0100713168-0101 14','Columbia','2876873492','2012-09-05 16:30:33'),
	(2,26,'2006','yellow','102218A1FK, 102218B2FK','Cargo','Yellow press, 12\", gatefold','2012-09-05 16:30:33'),
	(2,27,'2011','promo acetate','-','Dangerbird','-','2012-09-05 16:30:33'),
	(2,29,'2006','EU promo','IFPI L555 S0100745843-0101 25','Columbia','-','2012-09-05 16:30:33'),
	(2,30,'2006','EU','LC00162, 82876886687 A-1, B-1 Doug @ Townhouse...For Now...','Columbia','Black press, 7\"','2012-09-05 16:30:33'),
	(2,32,'2002','black re-press','B266101-01 A1, -01 B1, -02 C1, -02 D1','Dali Records','Black press, 2x12\"','2012-09-05 16:30:33'),
	(2,34,'1996','orange','L-46746 Wally - MR-015-A, L-46746X Wally - MR-015-B','Man\'s Ruin','Orange/gold press, 10\"','2012-09-05 16:30:33'),
	(2,35,'1998','EU','X-2356/RRPROMO369 A','Roadrunner','1686186742','2012-09-05 16:30:33'),
	(2,36,'1998','green','MR-151-A - L-50953, MR-151-B - L-50953X','Man\'s Ruin','Green vinyl, 12\", run of 198','2012-09-05 16:30:33'),
	(2,40,'2003','UNKLE reconstruction promo','LC06404, B376179 01 A1 MX, B376179 01 B1 MX','Interscope','Black press, 12\"','2012-09-05 16:30:33'),
	(2,41,'2010','UK promo acetate','-','Columbia','-','2012-09-05 16:30:33'),
	(2,42,'2006','promo','4 70012.1.A VA02','Downtown Music','-','2012-09-05 16:30:33'),
	(2,43,'2009','with bonus 7\"','IPC 111 -A RE2, -B RE2, -C RE2, -D RE2','Ipecac','Black press, 12\"+ bonus red 7\", gatefold','2012-09-05 16:30:33'),
	(2,45,'2008','US promo 2','COOPRO100 01','Downtown Music','-','2012-09-05 16:30:33'),
	(2,46,'2006','promo','LC00162, B666349-01A1 - 88697027177, -01B1 - 88697027177','Columbia','White press, 7\"','2012-09-05 16:30:33'),
	(2,47,'1994','Sky Valley Part III promo','2PR 8969-2RE-1 SRC##01','Elektra','-','2012-09-05 16:30:33'),
	(2,49,'2000','light brown re-press','BL-26-A/B - L-45952/-X','Bong Load Records','Light Brown press, 7\"','2012-09-05 16:30:33'),
	(2,50,'2000','second press (green)','DOC-28079-1 MR-141 MAN\'S RUIN RECORDS','Man\'s Ruin/RED Distribution','9967510162','2012-09-05 16:30:33'),
	(2,54,'2000','UK cd1','4973912 01 5','Interscope','0694973912','2012-09-05 16:30:33'),
	(2,56,'2008','EU','06025 178 868-0 01+52206420','V2 Records International','0251788680','2012-09-05 16:30:33'),
	(2,57,'2011','UK promo acetate','-','Dangerbird','-','2012-09-05 16:30:33'),
	(2,58,'2009','promo acetate 2','-','Downtown Music','-','2012-09-05 16:30:33'),
	(2,61,'1994','pre-release sampler','SAM 1371 A, DAMONT AUDIO LTD','Elektra','Black press, 12\", only A side','2012-09-05 16:30:33'),
	(2,62,'2000','UK 2cd','4906832 01 6, 4974552 01 6','Interscope','606949086329','2012-09-05 16:30:33'),
	(2,63,'2000','Rated X with sticker on right','B041493-01 A1 MK, B2 HL','Interscope','Black press, 12\", gatefold','2012-09-05 16:30:33'),
	(2,66,'2000','promo #1','INT R10 2742 01','Interscope','-','2012-09-05 16:30:33'),
	(2,70,'2000','RED distribution','USMD-CA 02286-A','Man\'s Ruin/RED Distribution','99675 10092','2012-09-05 16:30:33'),
	(2,72,'2002','EU','06069 493 436-2 02 # 51288475','Interscope','0694934362','2012-09-05 16:30:33'),
	(2,73,'2003','Ipecac','B0000780-01 LP01-A2 RE-1, LP01-B RE1 2, LP02A2 RE1, LP02-B2 RE1','Ipecac','Red press only, 2x12\" gatefold, thick sleeve, can have parental sticker','2012-09-05 16:30:33'),
	(2,76,'2001','GER promo','00095 51132 988 01/51132994','Interscope','-','2012-09-05 16:30:33'),
	(2,84,'2011','EU','REK 006 T. A - BB 30860-01 A, T. B - 01 B','Domino/RekRek','Picture disc, 10\", run of 1000','2012-09-05 16:30:33'),
	(2,89,'2005','EU','06024 988 029-6 01 * 51582997','Interscope','0249880296','2012-09-05 16:30:33'),
	(2,90,'2011','Music On Vinyl red re-press','90630 A/B/C MOVLP 250 60075335797','Music On Vinyl','Red press, 2x12\", etched D side, gold sticker, limited run of 1000','2012-09-05 16:30:33'),
	(2,93,'2002','EU cd2','4978122 01 5','Interscope','606949781224','2012-09-05 16:30:33'),
	(2,94,'2005','promo','BURN3A, BURN3B - Wally Masterpiece','Interscope','Black press, 12\"','2012-09-05 16:30:33'),
	(2,95,'2005','dvd case','06024 988 790-2 01 * 51671697, 06024 988 790-3 51 01 * 51670821','Interscope','0249887615','2012-09-05 16:30:33'),
	(2,97,'2000','promo','13110 1 RPR0211-2','Restless','-','2012-09-05 16:30:33'),
	(2,99,'2003','EU #2','DISCTRONICS 4978702 02','Interscope','606949787028','2012-09-05 16:30:33'),
	(2,101,'2007','UK','1736526 01','Interscope','0251736526','2012-09-05 16:30:33'),
	(2,102,'2011','EU','REK 001 A, B, C, D','Domino/RekRek','Black press, 2x12\", gatefold','2012-09-05 16:30:33'),
	(2,103,'2001','promo acetate','-','priority records','-','2012-09-05 16:30:33'),
	(2,105,'2003','EU #2','DISCTRONICS 9810507 01','Interscope','0249810507','2012-09-05 16:30:33'),
	(2,106,'2007','gatefold','LC06406, 1735380 A-1, 1735380 B-1','Interscope','Black press, 7\" gatefold','2012-09-05 16:30:33'),
	(2,107,'2011','US Ipecac','DIDX 522472 1','Ipecac/RekordsRekords','8923001242','2012-09-05 16:30:33'),
	(2,110,'2005','EU dvd','06024 988 067-2 50 01 * 51587709','Interscope','0249880672','2012-09-05 16:30:33'),
	(2,111,'2007','','LC06406, 69590 1A 17539534 (misspress with the last 3 crossed), 69590 1B 1753954','Interscope','Black press, 7\"','2012-09-05 16:30:33'),
	(2,113,'2005','EU #2','06024 988 288-6 01 * 51621030','Interscope','0249882886','2012-09-05 16:30:33'),
	(2,119,'2005','EU promo #1','BURN1 01','Interscope','-','2012-09-05 16:30:33'),
	(2,125,'2007','EU #2','06025 173 537-8 01 * 51892784','Interscope','0251735378','2012-09-05 16:30:33'),
	(2,127,'2007','EU promo','QUEMAKECDP1','Interscope','-','2012-09-05 16:30:33'),
	(2,129,'2007','EU #2','06025 177 674-2 01 * 52144484','Interscope','0251776742','2012-09-05 16:30:33'),
	(2,131,'2000','re-press','USMD-CA 05731-A MR093-1217','Man\'s Ruin/RED Distribution','3197500932','2012-09-05 16:30:33'),
	(2,132,'2000','re-press','USMD-CA 05726-A MR113-1217','Man\'s Ruin/RED Distribution','9967510122','2012-09-05 16:30:33'),
	(2,133,'2000','re-press','USMD-CA 05728-A MR123-1217','Man\'s Ruin/RED Distribution','9967510152','2012-09-05 16:30:33'),
	(2,134,'2001','promo 1','-','SouthernLord','-','2012-09-05 16:30:33'),
	(2,135,'2003','enhanced','06024 986 570-4 01 * 52413611','Island','0249865704','2012-09-05 16:30:33'),
	(2,141,'2003','EU promo 2','DISCTRONICS CID835 02','Island','0249812964','2012-09-05 16:30:33'),
	(2,142,'200x','boot','THE DESERT SESSIONS 1+2 A','Man\'s Ruin','Red press, 12\" A-side, no official release','2012-09-05 16:30:33'),
	(2,143,'200x','boot','THE DESERT SESSIONS 1+2 B','Man\'s Ruin','Red press, 12\" B-side, no official release','2012-09-05 16:30:33'),
	(2,144,'1998','brown/white inside','L-49889 - MR-111-A, L-49889X - MR-111-B','Man\'s Ruin','Clear press, 10\"','2012-09-05 16:30:33'),
	(2,145,'200x','boot','THE DESERT SESSIONS 3+4 B','Man\'s Ruin','Green press, 12\" B-side, no official release','2012-09-05 16:30:33'),
	(2,146,'200X','boot','THE DESERT SESSIONS 5+6 A','Man\'s Ruin','Pink press, 12\" A-side, no official release','2012-09-05 16:30:33'),
	(2,147,'200x','boot','THE DESERT SESSIONS 5+6 B','Man\'s Ruin','Pink press, 12\" B-side, no official release','2012-09-05 16:30:33'),
	(3,3,'2004','promo acetate 1','-','AntAcidAudio','-','2012-09-05 16:30:33'),
	(3,4,'2010','boot','AAA-999-A, B','AntAcidAudio','Neon orange press, 12\" boot','2012-09-05 16:30:33'),
	(3,7,'2005','promo acetate','-','Downtown Music','-','2012-09-05 16:30:33'),
	(3,17,'1996','grey rectangles','MR-036-A F-1 - L-46766, MR-036-B F-1 - MASTERED BY CAPITOL Wally L-46766-X','Man\'s Ruin','Clear press, 7\", Grey Rectangles','2012-09-05 16:30:33'),
	(3,20,'2010','JP',' IFPI L276 PLDA-878X, IFPI L276 PLDA-1132X','Sony Music Japan','547366054972','2012-09-05 16:30:33'),
	(3,23,'2009','JP promo acetate','-','Sony Music Japan','-','2012-09-05 16:30:33'),
	(3,25,'2006','JP','IFPI L268 SONT/BVCP-21490 L51','BMG Japan','-','2012-09-05 16:30:33'),
	(3,26,'2006','white','102218A1FK, 102218B2FK','Cargo','White press, 12\", gatefold','2012-09-05 16:30:33'),
	(3,27,'2011','promo acetate 2','-','Dangerbird','-','2012-09-05 16:30:33'),
	(3,32,'2002','clear re-press','B266101-01 A1, -01 B1, -02 C1, -02 D1','Dali Records','Clear press, 2x12\"','2012-09-05 16:30:33'),
	(3,34,'1995','blue mispress','L-46746 - MR-016-A, L-46746X - MR-016-B','Man\'s Ruin','Blue press, 10\", only 15-20 pressed','2012-09-05 16:30:33'),
	(3,35,'1998','AU','0117689-RR86742 01','Roadrunner','1686186742','2012-09-05 16:30:33'),
	(3,36,'1998','gold','MR-151-A - L-50953, MR-151-B - L-50953X','Man\'s Ruin','Gold vinyl, 12\", run of 302','2012-09-05 16:30:33'),
	(3,49,'2000','brown re-press','BL-26-A/B - L-45952/-X','Bong Load Records','Brown press, 7\"','2012-09-05 16:30:33'),
	(3,50,'1998','promo','03474-A MR 141','Man\'s Ruin','-','2012-09-05 16:30:33'),
	(3,54,'2000','UK cd2','4973922 01 6','Interscope','0694973922','2012-09-05 16:30:33'),
	(3,56,'2008','EU 2','06025 179 502-6 01*52246511','V2 Records International','0251795026','2012-09-05 16:30:33'),
	(3,57,'2011','UK promo acetate 2','COOPR383 02','Dangerbird','-','2012-09-05 16:30:33'),
	(3,62,'2004','JP','UICZ-1002- ST V','Interscope','-','2012-09-05 16:30:33'),
	(3,63,'2000','Rated X re-press','LC06406 490-864-1','Interscope','Black re-press, 12\", gatefold','2012-09-05 16:30:33'),
	(3,66,'2000','promo #2','INTR102752 0873618935','Interscope','-','2012-09-05 16:30:33'),
	(3,72,'2002','UK 2disc','4934352 01 6, 06069 493 441-9 50 02 # 51291168','Interscope','0694934440','2012-09-05 16:30:33'),
	(3,73,'2003','Ipecac promo','B0000780-01 LP01-A2 RE-1, LP01-B RE1 2, LP02A2 RE1, LP02-B2 RE1','Ipecac','Red press only, 2x12\" gatefold, thick sleeve, can have parental sticker','2012-09-05 16:30:33'),
	(3,76,'2001','US promo','QOCDP3 01 5','Interscope','-','2012-09-05 16:30:33'),
	(3,89,'2005','EU slipcase','06024 988 029-6 01 * 51582997','Interscope','0249836802','2012-09-05 16:30:33'),
	(3,90,'2011','Music On Vinyl black re-press','90630 A/B/C MOVLP 250 60075335797','Music On Vinyl','Black press, 2x12\", etched D side, black sticker, initial run of 1000','2012-09-05 16:30:33'),
	(3,93,'2002','EU','06069 497 808-2 01 + 51316212','Interscope','0694978082','2012-09-05 16:30:33'),
	(3,95,'2005','US promo acetate','-','Interscope','-','2012-09-05 16:30:33'),
	(3,99,'2003','US','4978732 01','Interscope','606949787325','2012-09-05 16:30:33'),
	(3,101,'2007','EU','1735367 02','Interscope','0251735367','2012-09-05 16:30:33'),
	(3,105,'2003','AU','0152340 9808514 01','Interscope','0249808514','2012-09-05 16:30:33'),
	(3,107,'2011','JP blu-spec','HSE-60058 1','RekordsRekords/Hostess','4582214506920','2012-09-05 16:30:33'),
	(3,110,'2005','EU promo','QOTSA8 02','Interscope','-','2012-09-05 16:30:33'),
	(3,113,'2005','EU promo','HEAD1 02','Interscope','-','2012-09-05 16:30:33'),
	(3,119,'2005','EU promo #2','BURN5 01','Interscope','-','2012-09-05 16:30:33'),
	(3,125,'2007','EU #3','IFPI 0125','Interscope','0251736368','2012-09-05 16:30:33'),
	(3,127,'2007','AU promo acetate','-','Interscope','-','2012-09-05 16:30:33'),
	(3,129,'2007','EU promo','VULGAR01 01','Interscope','-','2012-09-05 16:30:33'),
	(3,132,'1998','promo','IFPI L792 167898-W1 8252-A **MR 113**','Man\'s Ruin','-','2012-09-05 16:30:33'),
	(3,133,'1999','promo','173440-2XD1-9177-A MR123CD','Man\'s Ruin','-','2012-09-05 16:30:33'),
	(3,134,'2001','promo 2','REK01','Southern Records/RekRek','-','2012-09-05 16:30:33'),
	(3,135,'2003','promo acetate','-','Island','-','2012-09-05 16:30:33'),
	(3,144,'200X','boot','THE DESERT SESSIONS 3+4 A','Man\'s Ruin','Green press, 12\" A-side, no official release','2012-09-05 16:30:33'),
	(4,3,'2004','promo acetate 2','-','Southern Records/AAA','-','2012-09-05 16:30:33'),
	(4,7,'2006','EU promo','82876885492','Columbia','-','2012-09-05 16:30:33'),
	(4,17,'1996','pressing plates','MR-036-A F-1 - L-46766, MR-036-B F-1 - MASTERED BY CAPITOL Wally L-46766-X','Man\'s Ruin','7\" pressing plates, run of 2 or 3','2012-09-05 16:30:33'),
	(4,20,'2009','promo acetate','-','DGC/Interscope','-','2012-09-05 16:30:33'),
	(4,25,'2007','EU 2 disc edition','IFPI L555 S0100776620-0102 15, IFPI L558 S0100776620-A522 18','Columbia','8697065462','2012-09-05 16:30:33'),
	(4,27,'2011','promo acetate 3','-','Dangerbird','-','2012-09-05 16:30:33'),
	(4,35,'1998','US Lost Pallet AAA997','LG0021-2 28438A L806 8685 LG00212 U80813-01 A','Loosegroove/RekordsRekords','8923009972','2012-09-05 16:30:33'),
	(4,36,'1998','blue','MR-151-A - L-50953, MR-151-B - L-50953X','Man\'s Ruin','Blue vinyl, 12\", run of 198','2012-09-05 16:30:33'),
	(4,54,'2000','promo #1','QUEENS1 01 5','Interscope','-','2012-09-05 16:30:33'),
	(4,56,'2008','AUS','REGENCY MEDIA 116010.1 DWT004','Inertia','332727014178','2012-09-05 16:30:33'),
	(4,62,'2010','2cd Deluxe Edition','06025 274 638-2 01 * 52576516, 638-4 01 * 52576518','Interscope','602527424903','2012-09-05 16:30:33'),
	(4,63,'2000','Rated X alternative re-press','490 864-1 A, B','Interscope','Black re-press, 12\", gatefold','2012-09-05 16:30:33'),
	(4,66,'2000','promo #3','FEELGOOD1 01 5','Interscope','-','2012-09-05 16:30:33'),
	(4,72,'2003','AU 2cd','0148865 4934362 01, 0255798 9800320 01','Interscope','0249800320','2012-09-05 16:30:33'),
	(4,73,'200x','boot','B0000780-01 A, B, C, D','Ipecac','Grey marbled press, many other colors out there, 2x12\" gatefold bootleg, thin sleeve, printed sticker on front','2012-09-05 16:30:33'),
	(4,89,'2005','EU 2cd tour edition','9880296 03, 9884442 01','Interscope','0249884443','2012-09-05 16:30:33'),
	(4,93,'2002','CA','L387 6024980016 #30402Y34','Interscope','6024980016','2012-09-05 16:30:33'),
	(4,99,'2003','EU promo #1','DISTRONICS QOCDP6 01','Interscope','-','2012-09-05 16:30:33'),
	(4,101,'2007','JP','UICS-1141 MT C01','Interscope','-','2012-09-05 16:30:33'),
	(4,107,'2011','EU promo','020 8691 2121 REK001CDP','Domino/RekordsRekords','-','2012-09-05 16:30:33'),
	(4,110,'2005','AU promo','-','Interscope','-','2012-09-05 16:30:33'),
	(4,113,'2005','US promo','(INTR114222SP) C05D2809B','Interscope','-','2012-09-05 16:30:33'),
	(4,119,'2005','EU promo #3','QSWITCHCDP1 02','Interscope','-','2012-09-05 16:30:33'),
	(4,125,'2007','EU promo','QUESICKCDP1','Interscope','-','2012-09-05 16:30:33'),
	(4,129,'2007','US promo acetate','-','Interscope','-','2012-09-05 16:30:33'),
	(5,3,'2004','promo acetate 3','-','Universal','-','2012-09-05 16:30:33'),
	(5,7,'2006','EU promo 2','IFPI L555 S0100717959-0101 25','Sony','2876888452','2012-09-05 16:30:33'),
	(5,17,'20xx','black boot','MR 036 A, MR 036 B','Man\'s Ruin','Black press, 7\", matte instead of glossy cover, boot, there\'s also a yellow one','2012-09-05 16:30:33'),
	(5,25,'2006','promo','Z49422 4DWN2 2006P-2 01','Downtown Music','-','2012-09-05 16:30:33'),
	(5,35,'1998','EU promo','X-2356/RRPROMO369 A','Roadrunner','-','2012-09-05 16:30:33'),
	(5,36,'200x','red German boot','none','Man\'s Ruin','Red press, many other colors out there, 12\", bootleg, thin sleeve','2012-09-05 16:30:33'),
	(5,54,'2000','promo #2','INTR101012 0803317224','Interscope','-','2012-09-05 16:30:33'),
	(5,56,'2008','promo acetate 1','-','Downtown Music','-','2012-09-05 16:30:33'),
	(5,62,'2000','II promo #1','QUEENS 00095 51024 199 01','Interscope','-','2012-09-05 16:30:33'),
	(5,72,'2006','JP','UICF-1010 5R V','Interscope','-','2012-09-05 16:30:33'),
	(5,89,'2005','EU 2disc edition','06024 988 029-6 01 * 51582997, 06024 988 031-2 50 01 * 51584688','Interscope','0249880312','2012-09-05 16:30:33'),
	(5,93,'2002','EU promo #1','QOTSA4 01 5','Interscope','-','2012-09-05 16:30:33'),
	(5,99,'2003','US promo #1','INTR109172 1069413687','Interscope','-','2012-09-05 16:30:33'),
	(5,101,'2007','GER 2cd tour edition','06025 175 451-1 01 * 52045994, 06025 175 451-6 01 * 52045996','Interscope','0251760135','2012-09-05 16:30:33'),
	(5,107,'2011','UK promo acetate','-','Domino/RekordsRekords','-','2012-09-05 16:30:33'),
	(5,110,'2005','EU mini cd','06024 988 065-1 01 * 51583629','Interscope','0602498806517','2012-09-05 16:30:33'),
	(6,3,'2004','US promo','AAA-999P @ 01','AntAcidAudio','-','2012-09-05 16:30:33'),
	(6,17,'20xx','yellow swirl boot','MR 036 A, MR 036 B','Man\'s Ruin','Yellow swirl press, 7\", boot','2012-09-05 16:30:33'),
	(6,25,'2006','instrumentals promo acetate','-','Big Sounds International','-','2012-09-05 16:30:33'),
	(6,35,'1998','US promo','LG0021-2 28438A L806 8685 LG00212 U80813-01 A','Loosegroove','-','2012-09-05 16:30:33'),
	(6,56,'2008','promo','VVR886803P 01','Downtown Music','-','2012-09-05 16:30:33'),
	(6,62,'2000','II promo #2','INTF100772 0792816988','Interscope','-','2012-09-05 16:30:33'),
	(6,72,'2002','Sample This School Boy promo','INTR107932 9228612007','Interscope','-','2012-09-05 16:30:33'),
	(6,89,'2005','UK','9880297 02','Interscope','0249880297','2012-09-05 16:30:33'),
	(6,93,'2002','US promo #1','INTR108022 1024112146','Interscope','-','2012-09-05 16:30:33'),
	(6,99,'2003','US promo acetate','-','Interscope','-','2012-09-05 16:30:33'),
	(6,101,'2008','CA 2cd tour edition','LT36 02517669271 #80326Z11, LT36 02517669272 #80328Z13','Interscope','0251766927','2012-09-05 16:30:33'),
	(7,25,'2006','promo acetate #1','-','-','-','2012-09-05 16:30:33'),
	(7,35,'1998','vinyl cutting master (thx Pete)','8178 2113 1595','Loosegroove','-','2012-09-05 16:30:33'),
	(7,56,'2009','promo 2','RFD80M-77984 80','Universal','-','2012-09-05 16:30:33'),
	(7,62,'2000','EU promo','QOTSA1 02 6','Interscope','-','2012-09-05 16:30:33'),
	(7,72,'2002','EU sampler #1','QOTSA2 01 5','Interscope','-','2012-09-05 16:30:33'),
	(7,89,'2005','JP','UICS-1091 MT C02','Interscope','-','2012-09-05 16:30:33'),
	(7,93,'2002','FR video promo','000 0113 00','Interscope','-','2012-09-05 16:30:33'),
	(7,101,'2007','US promo acetate','-','Interscope','-','2012-09-05 16:30:33'),
	(8,35,'1998','cassette','-','Loosegroove','61569500214','2012-09-05 16:30:33'),
	(8,56,'2008','promo acetate 2','-','Downtown Music','-','2012-09-05 16:30:33'),
	(8,62,'2000','Rated X - promo','INTR100782 0797117085','Interscope','-','2012-09-05 16:30:33'),
	(8,72,'2002','EU sampler #2','ADVQOTSA1 01 5','Interscope','-','2012-09-05 16:30:33'),
	(8,89,'2005','US promo acetate #1','-','Interscope','-','2012-09-05 16:30:33'),
	(8,93,'2003','UNKLE Reconstruction promo','DISCTRONICS QOCDPS 01 6','Interscope','-','2012-09-05 16:30:33'),
	(9,62,'2000','B Sides EP promo','-','Interscope','-','2012-09-05 16:30:33'),
	(9,72,'2002','US promo','INTF107752 9227311884','Interscope','-','2012-09-05 16:30:33'),
	(9,89,'2005','US promo acetate #2','-','interscope','-','2012-09-05 16:30:33'),
	(9,93,'2002','UNKLE remix promo acetate','-','Universal','-','2012-09-05 16:30:33'),
	(10,62,'2000','Sampler','0151833-QOTSASAMP 01','Interscope','-','2012-09-05 16:30:33'),
	(10,72,'2002','EU promo #1','ADVQOTSA2 01 6','Interscope','-','2012-09-05 16:30:33'),
	(10,89,'2005','EU promo','QOTSA9 01','Interscope','-','2012-09-05 16:30:33'),
	(11,62,'2010','Rated R+Songs for the Deaf 2for1','06069 490 683-2 02 * 51032806','Universal','0075326889','2012-09-05 16:30:33'),
	(11,72,'2002','EU promo #2','QOTSA3 01 5','Interscope','-','2012-09-05 16:30:33'),
	(11,89,'2005','an introduction... DVD','INTR113699RE1 D1N','Interscope','-','2012-09-05 16:30:33'),
	(12,62,'2010','Rated R+Songs for the Deaf 2for1 - promo acetate','-','Universal','-','2012-09-05 16:30:33'),
	(12,72,'2010','Rated R+Songs for the Deaf 2for1','06069 493 436-2 03 + 51288475','Universal','0075326889','2012-09-05 16:30:33'),
	(13,72,'2010','Rated R+Songs for the Deaf 2for1 - promo acetate','-','Universal','-','2012-09-05 16:30:33'),
	(14,51,'1998','test pressing','MR-141-A - L-50639, MR-141-B - L50639X','Man\'s Ruin','Black vinyl, 10\", test pressing','2012-09-08 12:11:56'),
	(15,145,'1998','test pressing','L-50638 - MR-112-A, L-50638X - MR-112-B','Man\'s Ruin','Black vinyl, 10\", test pressing','2012-09-08 12:16:08'),
	(16,10,'2005','demo 1990 - boot','-','Desert Fish','Grey marbled press, many other colors out there, 12\", run of 400','2012-09-08 12:19:40'),
	(17,151,'2012','boot','AD-18-01-A, B, C, D','-','White marbled/purple press, 2x12\", no official release','2012-09-08 12:27:39'),
	(18,152,'2004','video promo','-','AntAcid Audio','MiniDV cassette video promo','2012-09-08 14:23:49'),
	(19,131,'1997','CD-R master','-','Man\'s Ruin','-','2013-12-02 21:59:26'),
	(20,132,'1998','CD-R master','-','Man\'s Ruin','-','2013-12-02 22:06:42'),
	(21,133,'1999','CD-R master','-','Man\'s Ruin','-','2013-12-02 22:06:42'),
	(22,134,'2001','CD-R master','-','Man\'s Ruin','-','2013-12-02 22:07:26'),
	(23,153,'2013','US promo (slipcase)','Z119817 LN OLE 1040-2 01','Matador','-','2013-12-02 22:14:40'),
	(24,153,'2013','original (slipcase)','arvato 55473603/OLE1040-2 21','Matador','744861104025','2013-12-02 22:23:30'),
	(25,154,'2013','UK promo acetate','-','Matador','-','2013-12-02 22:28:44'),
	(26,154,'2013','US promo acetate','-','Matador','-','2013-12-02 22:28:44'),
	(27,155,'2013','UK promo acetate','-','Matador','-','2013-12-02 22:29:59'),
	(28,155,'2013','US promo acetate','-','Matador','-','2013-12-02 22:29:59'),
	(29,157,'2013','boot','QOTSA PRD-150-A/B','-','Clear press, 12\", no official release, Era Vulgaris bonus CD - live at the Paradiso in Amsterdam','2013-12-03 22:29:33'),
	(30,156,'2013','Deluxe Limited Edition','OLE-1040-1-A/B/C/D - -26435- P. USA','Matador','Black press, 2x12\" 180g, with 20 page book, 1040-0','2013-12-03 22:37:54'),
	(31,156,'2013','Indie Limited Edition','OLE-1040-1-A/B/C/D','Matador','Black press, 2x12\", blue album artwork, run of 10000, 1040-1','2013-12-03 22:39:00'),
	(32,156,'2013','','OLE-1040-1-A/B/C/D','Matador','Black press, 2x12\", 1040-1','2013-12-03 22:39:33'),
	(33,158,'2013','UK promo acetate','-','Matador','-','2013-12-19 22:37:17'),
	(34,159,'2008','','SURR008S A-1/B-1','Surrender All','Black press, 7\"','2013-12-19 22:39:42'),
	(35,146,'1999','test pressing','MR-121-A L-51627, MR<del>122</del>121-B L-51627 X','Man\'s Ruin','Black press, 10\", test pressing, only a couple made','2013-12-19 22:43:54'),
	(36,147,'1999','test pressing','MR122-A L-51626, MR-122-B L-51626 X','Man\'s Ruin','Black press, 10\", test pressing, run of 8','2013-12-19 22:43:54'),
	(37,160,'2013','','OLE 10511 -A-/-B- -LVC- MPO','Matador','Black press, 12\"','2013-12-19 22:48:07'),
	(38,161,'2013','','95059 1A/1B/1C/2D 88765449921 A/B/C/D Re-1','Roswell Records, RCA, Sony Music','Black press, 2x12\" 180g, gatefold','2013-12-19 22:48:07'),
	(39,156,'2013','RSD Black Friday Black on Black Edition','OLE-1040-1-A/B/C/D MPO','Matador','Black press, 2x12\", gatefold, Record store day Black Friday release, run of 2400','2013-12-19 22:51:35'),
	(40,153,'2013','USB stick/Beer opener','-','Matador','-','2013-12-19 22:51:35'),
	(41,145,'1998','pink misspress','L-50638 - MR-112-A, L-50638X - MR-112-B','Man\'s Ruin','Pink cream misspress, 10\"','2015-07-27 21:57:41'),
	(42,54,'2000','promo #3','74 PM11459','Polydor','-','2015-07-27 21:59:16'),
	(43,121,'2007','promo without letter','L387 TUTM10429 #70531Y13','Turn up the Music, Inc.','7 90617-1042-9','2015-07-27 22:00:03'),
	(44,20,'2009','EU pink misspress','53895001/88697619362 21','RCA/Sony Music','8697619362','2015-07-27 22:03:18'),
	(45,25,'2006','promo acetate #2','RFD80M-75153 80','WMG','-','2015-07-27 22:04:30'),
	(46,162,'2013','Blu ray','55410341/88765458979 D 21 55410342/88765458979 DO 22','Roswell Films, RCA, Sony Music','8765458979','2015-07-27 22:06:17'),
	(47,163,'2014','promo','RFD80M-79247 80','Matador','Green swirl bootleg #36/150, 12\", run of 150','2015-07-27 22:08:52'),
	(48,164,'2014','promo','RFD80M-79249 80','Matador','-','2015-07-27 22:10:08'),
	(49,165,'2007','promo compilation','A0100824398-0101 11 IFPI L551','BMG','-','2015-07-27 22:14:02'),
	(50,166,'2015','promo acetate','-','Universal Music','-','2015-07-27 22:15:47'),
	(51,167,'2012','promo','T80-VG-5 (10312102)','Relativity Music, Sony Music','-','2015-07-27 22:19:56'),
	(52,168,'2002','','RCD 10621 02 DISCTRONICS','RYKODISC UK','1443106212','2015-07-27 22:23:13'),
	(53,169,'1993','promo','PR-8741-4 SR','Elektra Entertainment','-','2015-07-27 22:26:29'),
	(54,170,'2014','boot','-','-','Green swirl bootleg #36, 12\", limited to 150 copies','2015-07-27 22:29:07');

/*!40000 ALTER TABLE `subrelease` ENABLE KEYS */;
UNLOCK TABLES;


# Dump of table subrelease_bak
# ------------------------------------------------------------

DROP TABLE IF EXISTS `subrelease_bak`;

CREATE TABLE `subrelease_bak` (
  `id_release` int(4) NOT NULL,
  `id` int(4) NOT NULL AUTO_INCREMENT,
  `year` varchar(4) NOT NULL,
  `name` varchar(200) NOT NULL,
  `matrix` varchar(150) NOT NULL,
  `label` varchar(50) NOT NULL,
  `info` varchar(150) NOT NULL,
  PRIMARY KEY (`id_release`,`id`)
) ENGINE=MyISAM DEFAULT CHARSET=utf8;

LOCK TABLES `subrelease_bak` WRITE;
/*!40000 ALTER TABLE `subrelease_bak` DISABLE KEYS */;

INSERT INTO `subrelease_bak` (`id_release`, `id`, `year`, `name`, `matrix`, `label`, `info`)
VALUES
	(1,1,'2011','US','REK 006 T. A - BB 30860-01 A, T. B1 - 01 B','Domino/RekRek','Picture disc, 10\", run of 1000'),
	(1,2,'2011','EU','REK 006 T. A - BB 30860-01 A, T. B - 01 B','Domino/RekRek','Picture disc, 10\", run of 1000'),
	(2,1,'2003','','LC00407, IS-835-A - OR, B - OR','Island Records','Black press, 7\"'),
	(3,1,'2004','US','AAA 999 01!!','AntAcidAudio','8923009992'),
	(3,2,'2004','EU','AAA-999 07 AVR 04 @','Sothern Records','8923009992'),
	(3,3,'2004','promo acetate 1','-','AntAcidAudio','-'),
	(3,4,'2004','promo acetate 2','-','Southern Records/AAA','-'),
	(3,5,'2004','promo acetate 3','-','Universal','-'),
	(3,6,'2004','US promo','AAA-999P @ 01','AntAcidAudio','-'),
	(4,1,'2004','pink','AAA-999-A, B','AntAcidAudio','Pink press, 12\"'),
	(4,2,'2004','black','AAA-999-A, B','AntAcidAudio','Black press, 12\"'),
	(4,3,'2010','boot','AAA-999-A, B','AntAcidAudio','Neon orange press, 12\" boot'),
	(5,1,'2004','','#14686','Ipecac+RR+Quiksilver','-'),
	(138,1,'2004','','#14686','Ipecac+RR+Quiksilver','-'),
	(6,1,'2004','red','MICAH BOOGIE BOY, JESSE WOOGIE MAN','independent release','Red press, 7\"'),
	(6,2,'2004','black','MICAH BOOGIE BOY, JESSE WOOGIE MAN','independent release','Black press, 7\"'),
	(7,1,'2005','US','X25988 4 DWT2 70P-2 RE-1 01.','Downtown Music','-'),
	(7,2,'2006','EU','IFPI L555 S0100727107-0101 15','Columbia','2876886682'),
	(7,3,'2005','promo acetate','-','Downtown Music','-'),
	(7,4,'2006','EU promo','82876885492','Columbia','-'),
	(7,5,'2006','EU promo 2','IFPI L555 S0100717959-0101 25','Sony','2876888452'),
	(8,1,'2005','promo blank','63755H2A, 63755H1B - www.gzvinyl.com','independent release','Black press, 7\"'),
	(8,2,'2005','promo rockfeedback.com','63755H2A, 63755H1B - www.gzvinyl.com','independent release','Black press, 7\"'),
	(9,1,'1991','','CD 370561256-2.2 V01','Dali Records','3705-61256-2'),
	(10,1,'2009','re-press','BH-0001-A RE-1 Kdisc ch L 35948 STAGE III, -B Kdisc ch KYUSS The L35948X','Black Highway Music','Clear press, 12\"'),
	(11,1,'2000','','USMD-CA 05751-A','Man\'s Ruin','-'),
	(12,1,'1994','double cd','EKR192CD1, EKR192CD2','Elektra','7559-66185-2'),
	(13,1,'1994','','EKR 192 A-1-1-QI, B-1-1-QI','Elektra','Sky Blue press, 7\"'),
	(14,1,'1997','first press','02286-A','Man\'s Ruin','-'),
	(14,2,'2000','RED distribution','USMD-CA 02286-A','Man\'s Ruin/RED Distribution','99675 10092'),
	(15,1,'200x','boot','-','Man\'s Ruin','Blue press, many other colors out there, 12\", no official press'),
	(16,1,'1997','','SONOPRESS S-2658/ RR88382 A','Roadrunner','1686188382'),
	(16,2,'1997','promo cassette','-','-','-'),
	(17,1,'1996','G with Ray','MR-036-A F-1 - L-46766, MR-036-B F-1 - MASTERED BY CAPITOL Wally L-46766-X','Man\'s Ruin','Clear press, 7\", G with a Ray'),
	(17,2,'1996','G brown veined','MR-036-A F-1 - L-46766, MR-036-B F-1 - MASTERED BY CAPITOL Wally L-46766-X','Man\'s Ruin','Clear press with Brown Veins, 7\", G with a Ray'),
	(17,3,'1996','grey rectangles','MR-036-A F-1 - L-46766, MR-036-B F-1 - MASTERED BY CAPITOL Wally L-46766-X','Man\'s Ruin','Clear press, 7\", Grey Rectangles'),
	(17,4,'1996','pressing plates','MR-036-A F-1 - L-46766, MR-036-B F-1 - MASTERED BY CAPITOL Wally L-46766-X','Man\'s Ruin','7\" pressing plates, run of 2 or 3'),
	(17,5,'20xx','black boot','MR 036 A, MR 036 B','Man\'s Ruin','Black press, 7\", matte instead of glossy cover, boot, there\'s also a yellow one'),
	(17,6,'20xx','yellow swirl boot','MR 036 A, MR 036 B','Man\'s Ruin','Yellow swirl press, 7\", boot'),
	(18,1,'1988','US promo','28758AD-02DR LG0021-PR01 980809-10 19D3-2711','Loosegroove','-'),
	(18,2,'1998','AUS promo','QUEENS OF THE STONE AGE ML-DISK 2624','Roadrunner','-'),
	(19,1,'2000','','LC06406, DH-00-6 49 73 87-7 A, DH-00-6 49 73 87-7 B','Interscope','Black press, 7\"'),
	(20,1,'2009','EU','53895001/88697619362 21','RCA','8697619362'),
	(20,2,'2009','JP promo','IFPIL276 PLD878X 1','RCA','547366051209'),
	(20,3,'2010','JP',' IFPI L276 PLDA-878X, IFPI L276 PLDA-1132X','Sony Music Japan','547366054972'),
	(20,4,'2009','promo acetate','-','DGC/Interscope','-'),
	(21,2,'2009','US','B0013785-01 A, B, C, D','DGC','Black press, 2x12\", gatefold'),
	(21,1,'2009','UK','88697619361 - B985824-01 A1, -01 B1, -02 C1, -02 D1','RCA','Black press, 2x12\", gatefold'),
	(22,1,'2010','promo','1277738','-','-'),
	(23,1,'2009','US promo acetate','-','Interscope','-'),
	(23,2,'2009','UK promo acetate','-','Columbia','-'),
	(23,3,'2009','JP promo acetate','-','Sony Music Japan','-'),
	(24,2,'2010','US','B0014169-11A, -11B','DGC','Picture Disc, 10\", red sleeve'),
	(24,1,'2010','UK','88697669081 - BA99513-01 A1 HL, B1 HL','RCA','Picture Disc, 10\"'),
	(25,1,'2006','US','Z50187 4 DWN2 2006P-2 RE-1 02','Downtown Music','7803700012'),
	(25,2,'2006','EU','IFPI l554 S0100713168-0101 14','Columbia','2876873492'),
	(25,3,'2006','JP','IFPI L268 SONT/BVCP-21490 L51','BMG Japan','-'),
	(25,4,'2007','EU 2 disc edition','IFPI L555 S0100776620-0102 15, IFPI L558 S0100776620-A522 18','Columbia','8697065462'),
	(25,5,'2006','promo','Z49422 4DWN2 2006P-2 01','Downtown Music','-'),
	(25,6,'2006','instrumentals promo acetate','-','Big Sounds International','-'),
	(25,7,'2006','promo acetate','-','-','-'),
	(26,1,'2006','black','102218A1FK, 102218B2FK','Cargo','Black press, 12\", gatefold'),
	(26,2,'2006','yellow','102218A1FK, 102218B2FK','Cargo','Yellow press, 12\", gatefold'),
	(26,3,'2006','white','102218A1FK, 102218B2FK','Cargo','White press, 12\", gatefold'),
	(27,1,'2011','US signed booklet','DIDX-768089 1','Dangerbird','4280300692'),
	(27,2,'2011','promo acetate','-','Dangerbird','-'),
	(27,3,'2011','promo acetate 2','-','Dangerbird','-'),
	(27,4,'2011','promo acetate 3','-','Dangerbird','-'),
	(28,1,'2011','','DGB 069V-RE-A/B WGINRP','Dangerbird','Black press, 12\", gatefold'),
	(29,1,'2005','US promo','X26958 4 DWT 7008P-2 02','Downtown Music','-'),
	(29,2,'2006','EU promo','IFPI L555 S0100745843-0101 25','Columbia','-'),
	(30,2,'2006','EU','LC00162, 82876886687 A-1, B-1 Doug @ Townhouse...For Now...','Columbia','Black press, 7\"'),
	(30,1,'2005','US','DWT 7-70 P A (both sides)','Downtown Music','Black press, 7\"'),
	(31,1,'1992','','CD 370561340-2.2 V01','Dali Records','3705-61340-2'),
	(32,1,'1991','','ST-E-61256 A-2, B-2','Dali Records','Black press, 12\"'),
	(32,2,'2002','black re-press','B266101-01 A1, -01 B1, -02 C1, -02 D1','Dali Records','Black press, 2x12\"'),
	(32,3,'2002','clear re-press','B266101-01 A1, -01 B1, -02 C1, -02 D1','Dali Records','Clear press, 2x12\"'),
	(33,1,'1995','','755966153-2 WME','Elektra','7559661532'),
	(34,1,'1995','purple','L-46746 Wally - MR-015-A, L-46746X Wally - MR-015-B','Man\'s Ruin','Purple press, 10\", forget'),
	(34,2,'1996','orange','L-46746 Wally - MR-015-A, L-46746X Wally - MR-015-B','Man\'s Ruin','Orange/gold press, 10\"'),
	(34,3,'1995','blue mispress','L-46746 - MR-016-A, L-46746X - MR-016-B','Man\'s Ruin','Blue press, 10\", only 15-20 pressed'),
	(35,1,'1998','first press','03474-A MR 141','Man\'s Ruin','3197501412'),
	(35,2,'2000','second press (green)','DOC-28079-1 MR-141 MAN\'S RUIN RECORDS','Man\'s Ruin/RED Distribution','9967510162'),
	(35,3,'1998','promo','03474-A MR 141','Man\'s Ruin','-'),
	(36,1,'1998','','MR-141-A - L-50639, MR-141-B - L50639X','Man\'s Ruin','Green marbled vinyl, 10\"'),
	(37,1,'1999','','Z-6780/ RR21753 A','Roadrunner','1686121753'),
	(38,1,'2001','','B149284-01 A1 MK, B1, C1, D1','Bitzcore','Black press, 2x12\" gatefold, with poster'),
	(39,1,'1998','promo','X-6257/RRPROMO374 A','Roadrunner','-'),
	(40,1,'2002','','LC06406, 497-812-7+A - OR, 497-812-7+B - OR Soundmasters','Interscope','Grey marbled, 7\"'),
	(40,2,'2003','UNKLE reconstruction promo','LC06404, B376179 01 A1 MX, B376179 01 B1 MX','Interscope','Black press, 12\"'),
	(41,1,'2009','US promo acetate','-','Interscope','-'),
	(41,2,'2010','UK promo acetate','-','Columbia','-'),
	(42,1,'2006','','4 70012.1.A VA02','Downtown Music','7803700129'),
	(42,2,'2006','promo','4 70012.1.A VA02','Downtown Music','-'),
	(43,1,'2009','picture disc','www.gzvinyl.com-VVR 957237-A/B 79982E1A/2A','Downtown Music','Picture Disc, 12\", run of 1000'),
	(43,2,'2009','with bonus 7\"','IPC 111 -A RE2, -B RE2, -C RE2, -D RE2','Ipecac','Black press, 12\"+ bonus red 7\", gatefold'),
	(44,1,'2011','','-','Dangerbird','-'),
	(45,1,'2008','US promo','51382 PLAY-IT PRODUCTIONS DR8-6430','Downtown Music','-'),
	(45,2,'2008','US promo 2','COOPRO100 01','Downtown Music','-'),
	(46,1,'2006','','LC00162, B666349-01A1 - 88697027177, -01B1 - 88697027177','Columbia','White press, 7\"'),
	(46,2,'2006','promo','LC00162, B666349-01A1 - 88697027177, -01B1 - 88697027177','Columbia','White press, 7\"'),
	(47,1,'1994','','CD 755961571-2.2 V01','Elektra','7559-61571-2'),
	(47,2,'1994','Sky Valley Part III promo','2PR 8969-2RE-1 SRC##01','Elektra','-'),
	(48,1,'1999','re-press','B533231-01 A1, -01 B1','Dali Records','Black press, 12\"'),
	(49,2,'2000','light brown re-press','BL-26-A/B - L-45952/-X','Bong Load Records','Light Brown press, 7\"'),
	(49,1,'1996','black','BL-26-A/B - L-45952/-X','Bong Load Records','Black press, 7\"'),
	(49,3,'2000','brown re-press','BL-26-A/B - L-45952/-X','Bong Load Records','Brown press, 7\"'),
	(50,1,'1998','US','LG0021-2 28438A L806 8685 LG00212 U80813-01 A','Loosegroove','615695002125'),
	(50,2,'1998','EU','X-2356/RRPROMO369 A','Roadrunner','1686186742'),
	(50,3,'1998','AU','0117689-RR86742 01','Roadrunner','1686186742'),
	(50,4,'1998','US Lost Pallet AAA997','LG0021-2 28438A L806 8685 LG00212 U80813-01 A','Loosegroove/RekordsRekords','8923009972'),
	(50,5,'1998','EU promo','X-2356/RRPROMO369 A','Roadrunner','-'),
	(50,6,'1998','US promo','LG0021-2 28438A L806 8685 LG00212 U80813-01 A','Loosegroove','-'),
	(50,7,'1998','vinyl cutting master (thx Pete)','8178 2113 1595','Loosegroove','-'),
	(50,8,'1998','cassette','-','Loosegroove','61569500214'),
	(51,1,'1998','black','MR-151-A - L-50953, MR-151-B - L-50953X','Man\'s Ruin','Black vinyl, 12\", run of 2500'),
	(51,2,'1998','green','MR-151-A - L-50953, MR-151-B - L-50953X','Man\'s Ruin','Green vinyl, 12\", run of 198'),
	(51,3,'1998','gold','MR-151-A - L-50953, MR-151-B - L-50953X','Man\'s Ruin','Gold vinyl, 12\", run of 302'),
	(51,4,'1998','blue','MR-151-A - L-50953, MR-151-B - L-50953X','Man\'s Ruin','Blue vinyl, 12\", run of 198'),
	(51,5,'200x','red German boot','none','Man\'s Ruin','Red press, many other colors out there, 12\", bootleg, thin sleeve'),
	(52,1,'1999','','29920AD-01BR LGSAMPLER- 991810-14 4OD3-1412','Loosegroove','-'),
	(53,1,'2008','','EURODISC-SL003-A - 76619M1/A, SL003-A - 76619M2/B ','Streetlife DJs','Picture Disc, 12\", run of 500'),
	(54,4,'2000','promo #1','QUEENS1 01 5','Interscope','-'),
	(54,5,'2000','promo #2','INTR101012 0803317224','Interscope','-'),
	(54,1,'2000','EU','06069 497 402-2 01 + 51047717','Interscope','0694974022'),
	(54,2,'2000','UK cd1','4973912 01 5','Interscope','0694973912'),
	(54,3,'2000','UK cd2','4973922 01 6','Interscope','0694973922'),
	(55,1,'2003','','LC06406, 9810506+A Streaky&Soundmasters - OR, 9810506+B - OR','Interscope','Red press, 7\"'),
	(56,1,'2008','US','DWT 700 51 01$','Downtown Music','7803700512'),
	(56,2,'2008','EU','06025 178 868-0 01+52206420','V2 Records International','0251788680'),
	(56,3,'2008','EU 2','06025 179 502-6 01*52246511','V2 Records International','0251795026'),
	(56,4,'2008','AUS','REGENCY MEDIA 116010.1 DWT004','Inertia','332727014178'),
	(56,5,'2008','promo acetate 1','-','Downtown Music','-'),
	(56,6,'2008','promo','VVR886803P 01','Downtown Music','-'),
	(56,7,'2009','promo 2','RFD80M-77984 80','Universal','-'),
	(56,8,'2008','promo acetate 2','-','Downtown Music','-'),
	(57,1,'2011','US promo acetate','-','Dangerbird','-'),
	(57,2,'2011','UK promo acetate','-','Dangerbird','-'),
	(57,3,'2011','UK promo acetate 2','COOPR383 02','Dangerbird','-'),
	(58,1,'2009','promo acetate','-','Downtown Music','-'),
	(58,2,'2009','promo acetate 2','-','Downtown Music','-'),
	(59,1,'2008','promo','DWT8-70056, DWT8-70056','Downtown Music','Black press, 10\"'),
	(60,1,'1995','','CD 755961811-2.2 V01','Elektra','7559-61811-2'),
	(61,1,'1999','re-press','B819881-01 A1/B1 WMME Alsdorf 755 961571-1-A/B','Elektra','Black press, 12\"'),
	(61,2,'1994','pre-release sampler','SAM 1371 A, DAMONT AUDIO LTD','Elektra','Black press, 12\", only A side'),
	(62,1,'2000','EU','06069 490 683-2 02 * 51032806','Interscope','0694906832'),
	(62,2,'2000','UK 2cd','4906832 01 6, 4974552 01 6','Interscope','606949086329'),
	(62,3,'2004','JP','UICZ-1002- ST V','Interscope','-'),
	(62,4,'2010','2cd Deluxe Edition','06025 274 638-2 01 * 52576516, 638-4 01 * 52576518','Interscope','602527424903'),
	(62,5,'2000','II promo #1','QUEENS 00095 51024 199 01','Interscope','-'),
	(62,6,'2000','II promo #2','INTF100772 0792816988','Interscope','-'),
	(62,7,'2000','EU promo','QOTSA1 02 6','Interscope','-'),
	(62,8,'2000','Rated X - promo','INTR100782 0797117085','Interscope','-'),
	(62,9,'2000','B Sides EP promo','-','Interscope','-'),
	(62,10,'2000','Sampler','0151833-QOTSASAMP 01','Interscope','-'),
	(62,11,'2010','Rated R+Songs for the Deaf 2for1','06069 490 683-2 02 * 51032806','Universal','0075326889'),
	(62,12,'2010','Rated R+Songs for the Deaf 2for1 - promo acetate','-','Universal','-'),
	(63,1,'2000','Rated X','LC06406 000-000-0, B041493-01 A1 MK, B1 MK','Interscope','Black press, 12\", gatefold'),
	(63,3,'2000','Rated X re-press','LC06406 490-864-1','Interscope','Black re-press, 12\", gatefold'),
	(63,2,'2000','Rated X with sticker on right','B041493-01 A1 MK, B2 HL','Interscope','Black press, 12\", gatefold'),
	(63,4,'2000','Rated X alternative re-press','490 864-1 A, B','Interscope','Black re-press, 12\", gatefold'),
	(64,1,'1999','','*1D* LGSAMPLE3','Loosegroove','-'),
	(65,1,'2009','','KIFF HH 129 A, KIFF HH 129 B','Kiff Records','Black press, 12\"'),
	(66,1,'2000','EU','4974552 01 6','Interscope','6069445523'),
	(66,2,'2000','promo #1','INT R10 2742 01','Interscope','-'),
	(66,3,'2000','promo #2','INTR102752 0873618935','Interscope','-'),
	(66,4,'2000','promo #3','FEELGOOD1 01 5','Interscope','-'),
	(67,1,'2003','','LC06406, 497-870-0+A - OR, 497-870-0+B - OR','Interscope','Clear press, 12\"'),
	(68,1,'2012','promo','COOPR428 01','Coop','-'),
	(69,1,'2009','US promo','COOPR168 01','Downtown Music','-'),
	(70,2,'2000','RED distribution','USMD-CA 02286-A','Man\'s Ruin/RED Distribution','99675 10092'),
	(70,1,'1997','first press','02286-A','Man\'s Ruin','-'),
	(71,1,'1999','re-press','B819873-01 A1/B1 WMME Alsdorf 755 961811-1-A/B','Elektra','Black press, 12\"'),
	(72,1,'2002','US','069 493 4252R1 02@','Interscope','D145358'),
	(72,2,'2002','EU','06069 493 436-2 02 # 51288475','Interscope','0694934362'),
	(72,3,'2002','UK 2disc','4934352 01 6, 06069 493 441-9 50 02 # 51291168','Interscope','0694934440'),
	(72,4,'2003','AU 2cd','0148865 4934362 01, 0255798 9800320 01','Interscope','0249800320'),
	(72,5,'2006','JP','UICF-1010 5R V','Interscope','-'),
	(72,6,'2002','Sample This School Boy promo','INTR107932 9228612007','Interscope','-'),
	(72,7,'2002','EU sampler #1','QOTSA2 01 5','Interscope','-'),
	(72,8,'2002','EU sampler #2','ADVQOTSA1 01 5','Interscope','-'),
	(72,9,'2002','US promo','INTF107752 9227311884','Interscope','-'),
	(72,10,'2002','EU promo #1','ADVQOTSA2 01 6','Interscope','-'),
	(72,11,'2002','EU promo #2','QOTSA3 01 5','Interscope','-'),
	(72,12,'2010','Rated R+Songs for the Deaf 2for1','06069 493 436-2 03 + 51288475','Universal','0075326889'),
	(72,13,'2010','Rated R+Songs for the Deaf 2for1 - promo acetate','-','Universal','-'),
	(73,1,'2002','UK','LC06406, 6069493 475 12 A1, 6069-493-475-12 B1, 6069-493-476-1-1 A1, 6069-493-476-1-1 B1','Interscope','Black press, 2x12\" gatefold'),
	(73,2,'2003','Ipecac','B0000780-01 LP01-A-RE-1, B-RE-1, C-RE-1, D-RE-1','Ipecac','Red press only, 2x12\" gatefold, thick sleeve'),
	(73,4,'200x','boot','B0000780-01 A, B, C, D','Ipecac','Grey marbled press, many other colors out there, 2x12\" gatefold bootleg, thin sleeve'),
	(73,3,'2003','Ipecac promo','B0000780-01 LP01-A-RE-1, B-RE-1, C-RE-1, D-RE-1','Ipecac','Red press only, 2x12\" gatefold, thick sleeve, top right corner is cut'),
	(74,1,'1999','','-','Loosegroove','-'),
	(75,1,'2010','','none (scratched surface)','SubPop','Black press, 7\", SP899'),
	(76,1,'2000','EU promo','PARASOL1 01 6','Interscope','-'),
	(76,2,'2001','GER promo','00095 51132 988 01/51132994','Interscope','-'),
	(76,3,'2001','US promo','QOCDP3 01 5','Interscope','-'),
	(77,1,'2005','','LC06406, 006024988067 IS-A - OR, 006024988067 IS-B - OR','Interscope','Picture disc, 7\"'),
	(78,1,'20xx','','-','Dangerbird','-'),
	(79,1,'2000','','755962571-2 08/00','Elektra','7559625712'),
	(80,1,'20xx','boot','-','Man\'s Ruin','Blue press, many other colors out there, 12\", no official press '),
	(81,1,'2004','','B000246702 9307017000','Interscope/RekordsRekords','0249862289'),
	(82,1,'200x','boot','-','Interscope','Black press, many other colors out there, 12\",  no official release'),
	(83,1,'1999','','0126000-SAMP2125 01','Roadrunner','-'),
	(84,1,'2011','US','REK 006 T. A - BB 30860-01 A, T. B1 - 01 B','Domino/RekRek','Picture disc, 10\", run of 1000'),
	(84,2,'2011','EU','REK 006 T. A - BB 30860-01 A, T. B - 01 B','Domino/RekRek','Picture disc, 10\", run of 1000'),
	(85,1,'2000','Bug\'s Music promo (thx Stonerpope)','??','Bug\'s Music','-'),
	(86,1,'2005','','LC06406, 988-354-2 A, 988-354-2 B','Interscope','Picture disc, 7\"'),
	(87,1,'20xx','','0117 CPR2 WWW.FURNACECD.COM F40429-23 A','Chrome Peeler Records','1157453132'),
	(88,1,'2000','','B037599-01 A1 HL, 01 B1 HL, 02 C1 HL, 02 D1 HL','Elektra','Black press, 2x12\"'),
	(89,1,'2005','US','B00 041 8602 01$ AD','Interscope','D161200'),
	(89,2,'2005','EU','06024 988 029-6 01 * 51582997','Interscope','0249880296'),
	(89,3,'2005','EU slipcase','06024 988 029-6 01 * 51582997','Interscope','0249836802'),
	(89,4,'2005','EU 2cd tour edition','9880296 03, 9884442 01','Interscope','0249884443'),
	(89,5,'2005','EU 2disc edition','06024 988 029-6 01 * 51582997, 06024 988 031-2 50 01 * 51584688','Interscope','0249880312'),
	(89,6,'2005','UK','9880297 02','Interscope','0249880297'),
	(89,7,'2005','JP','UICS-1091 MT C02','Interscope','-'),
	(89,8,'2005','US promo acetate #1','-','Interscope','-'),
	(89,9,'2005','US promo acetate #2','-','interscope','-'),
	(89,10,'2005','EU promo','QOTSA9 01','Interscope','-'),
	(89,11,'2005','an introduction... DVD','INTR113699RE1 D1N','Interscope','-'),
	(90,1,'2005','','AAA 996, lullabies rekords rekords A, B, C-R1, D-R1','RekordsRekords','Orange, purple marbled press, 2x12\" gatefold'),
	(90,2,'2011','Music On Vinyl red re-press','90630 A/B/C MOVLP 250 60075335797','Music On Vinyl','Red press, 2x12\", etched D side, gold sticker, limited run of 1000'),
	(90,3,'2011','Music On Vinyl black re-press','90630 A/B/C MOVLP 250 60075335797','Music On Vinyl','Black press, 2x12\", etched D side, black sticker, initial run of 1000'),
	(91,1,'2000','','USMD-CA 05751-A','Man\'s Ruin','-'),
	(92,1,'1998','','NR-20675-A, NR-20675-m-B','super electro','Black press, 7\", run of 1000'),
	(93,1,'2002','EU cd1','4978082 01 6','Interscope','606949780821'),
	(93,2,'2002','EU cd2','4978122 01 5','Interscope','606949781224'),
	(93,4,'2002','CA','L387 6024980016 #30402Y34','Interscope','6024980016'),
	(93,5,'2002','EU promo #1','QOTSA4 01 5','Interscope','-'),
	(93,6,'2002','US promo #1','INTR108022 1024112146','Interscope','-'),
	(93,9,'2002','UNKLE remix promo acetate','-','Universal','-'),
	(93,7,'2002','FR video promo','000 0113 00','Interscope','-'),
	(93,8,'2003','UNKLE Reconstruction promo','DISCTRONICS QOCDPS 01 6','Interscope','-'),
	(93,3,'2002','EU','06069 497 808-2 01 + 51316212','Interscope','0694978082'),
	(94,1,'2005','','987919-1 SIDE 1-1, 987919-1 SIDE 2-1','Interscope','Picture disc, 7\"'),
	(94,2,'2005','promo','BURN3A, BURN3B - Wally Masterpiece','Interscope','Black press, 12\"'),
	(95,1,'2005','jewelcase','06024 988 790-2 01 * 51671697, 06024 988 790-3 51 01 * 51670821','Interscope','0249887105'),
	(95,2,'2005','dvd case','06024 988 790-2 01 * 51671697, 06024 988 790-3 51 01 * 51670821','Interscope','0249887615'),
	(95,3,'2005','US promo acetate','-','Interscope','-'),
	(96,1,'2007','','IPC91-A, B, C, D, E, F','Ipecac','Black press, 3x10\" gatefold'),
	(97,1,'2000','','L806 1168 01877737172 M00119-26 A, 1VMA3<1942>HEAVYMETAL','Restless','1877737332'),
	(97,2,'2000','promo','13110 1 RPR0211-2','Restless','-'),
	(98,1,'2005','','RTRADS 312 A, RTRADS 312 B','Rough Trade','Black press, 7\"'),
	(99,1,'2003','EU #1','DISCTRONICS 4978692 01','Interscope','606949786922'),
	(99,2,'2003','EU #2','DISCTRONICS 4978702 02','Interscope','606949787028'),
	(99,3,'2003','US','4978732 01','Interscope','606949787325'),
	(99,4,'2003','EU promo #1','DISTRONICS QOCDP6 01','Interscope','-'),
	(99,5,'2003','US promo #1','INTR109172 1069413687','Interscope','-'),
	(99,6,'2003','US promo acetate','-','Interscope','-'),
	(100,1,'2005','promo','FUNMACHINE 1 A2, FUNMACHINE 1 B2','??','Black press, 7\"'),
	(101,1,'2007','CA','LT36 B000903902 #70518Z03','Interscope','0251734656'),
	(101,2,'2007','UK','1736526 01','Interscope','0251736526'),
	(101,3,'2007','EU','1735367 02','Interscope','0251735367'),
	(101,4,'2007','JP','UICS-1141 MT C01','Interscope','-'),
	(101,5,'2007','GER 2cd tour edition','06025 175 451-1 01 * 52045994, 06025 175 451-6 01 * 52045996','Interscope','0251760135'),
	(101,6,'2008','CA 2cd tour edition','LT36 02517669271 #80326Z11, LT36 02517669272 #80328Z13','Interscope','0251766927'),
	(101,7,'2007','US promo acetate','-','Interscope','-'),
	(102,1,'2011','US','IPC124LP-A, B, C, D','Ipecac/RekRek','Black press, 2x12\", gatefold'),
	(102,2,'2011','EU','REK 001 A, B, C, D','Domino/RekRek','Black press, 2x12\", gatefold'),
	(103,1,'2001','','EMI UDEN 2501792 @2, @1','Divine/Priority records','4992501972'),
	(103,2,'2001','promo acetate','-','priority records','-'),
	(104,1,'2011','','12 MUTE 452 BB40556-01 A1 Stu, 12 MUTE 452 BB40556-01 B1','Mute','Picture disc, 12\"'),
	(105,1,'2003','EU #1','DISCTRONICS 9810505 01','Interscope','0249810505'),
	(105,2,'2003','EU #2','DISCTRONICS 9810507 01','Interscope','0249810507'),
	(105,3,'2003','AU','0152340 9808514 01','Interscope','0249808514'),
	(106,1,'2007','','LC06406, 1735381 A-1, 1735381 B-1','Interscope','Black press, 7\"'),
	(106,2,'2007','gatefold','LC06406, 1735380 A-1, 1735380 B-1','Interscope','Black press, 7\" gatefold'),
	(107,1,'2011','EU','020 8691 2121 REK001CDP','Domino/RekordsRekords','5034202600626'),
	(107,2,'2011','US Ipecac','DIDX 522472 1','Ipecac/RekordsRekords','8923001242'),
	(107,3,'2011','JP blu-spec','HSE-60058 1','RekordsRekords/Hostess','4582214506920'),
	(107,5,'2011','UK promo acetate','-','Domino/RekordsRekords','-'),
	(107,4,'2011','EU promo','020 8691 2121 REK001CDP','Domino/RekordsRekords','-'),
	(108,1,'2001','','B10481 QW 656 70','Hopelesss records','9069206562'),
	(109,1,'2012','','WGINRP TMR-126-A A PSYCHO DISCO KILLER, WGINRP TMR-126-B DUDE TOOK MY DRUM STICK. GAVE IT BACK','Third Man Records','Black press, 7\"'),
	(110,1,'2005','AU','9880591 01','Interscope','0249880591'),
	(110,2,'2005','EU dvd','06024 988 067-2 50 01 * 51587709','Interscope','0249880672'),
	(110,3,'2005','EU promo','QOTSA8 02','Interscope','-'),
	(110,4,'2005','AU promo','-','Interscope','-'),
	(110,5,'2005','EU mini cd','06024 988 065-1 01 * 51583629','Interscope','0602498806517'),
	(111,1,'2007','acoustic','LC06406, 09589 1A 1753953, 09589 1B 1753953','Interscope','Black press, 7\"'),
	(111,2,'2007','','LC06406, 69590 1A 17539534 (misspress with the last 3 crossed), 69590 1B 1753954','Interscope','Black press, 7\"'),
	(112,1,'2002','','SANCD125 02 5','Sanctuary','5050159012527'),
	(113,1,'2005','EU #1','9883541 01','Interscope','0249883541'),
	(113,2,'2005','EU #2','06024 988 288-6 01 * 51621030','Interscope','0249882886'),
	(113,3,'2005','EU promo','HEAD1 02','Interscope','-'),
	(113,4,'2005','US promo','(INTR114222SP) C05D2809B','Interscope','-'),
	(114,1,'2010','','B001411911-A, B001411911-B','Interscope','Picture disc, 10\"'),
	(115,1,'2002','','-','Interscope','-'),
	(116,1,'2005','promo (actual track is In My Head)','INSANE1 01','Interscope','-'),
	(117,1,'2011','','REK 004 A, B','Domino/RekRek','Black press, 7\", run of 1000'),
	(118,1,'2007','','A0000078800X0101 01','Legacy/Sony','0886971446029'),
	(119,1,'2005','EU','9879554 01','Interscope','0249879554'),
	(119,2,'2005','EU promo #1','BURN1 01','Interscope','-'),
	(119,3,'2005','EU promo #2','BURN5 01','Interscope','-'),
	(119,4,'2005','EU promo #3','QSWITCHCDP1 02','Interscope','-'),
	(120,1,'200x','','-','Patriarch','-'),
	(121,1,'2007','promo','-','Turn Up ther Music, inc.','7 90 17-104 -9'),
	(122,1,'2002','promo','SHIN 5839/GI 5840/TAI 5841-PR ANDROIDS DREAM #1/#2/#3','UNKLE Sounds','-'),
	(123,1,'2007','promo','INT R12 1772 02!!','Interscope','-'),
	(124,1,'2012','','06025 279 461-9 01 + 52875406','Fontana International','1797401001'),
	(125,1,'2007','EU #1','06025 173 537-7 01 * 51899659','Interscope','0251735377'),
	(125,2,'2007','EU #2','06025 173 537-8 01 * 51892784','Interscope','0251735378'),
	(125,3,'2007','EU #3','IFPI 0125','Interscope','0251736368'),
	(125,4,'2007','EU promo','QUESICKCDP1','Interscope','-'),
	(126,1,'2005','','UM48-2597 HR 62522.2 DDA0507459','Hollywood Records','720676252227'),
	(127,1,'2007','EU','IFPI 0142','Interscope','0251747281'),
	(127,2,'2007','EU promo','QUEMAKECDP1','Interscope','-'),
	(127,3,'2007','AU promo acetate','-','Interscope','-'),
	(128,1,'2012','','06025 279 832-6 07 * 52912495, 06025 279 974-9 50 01 + 5291189','Universal-Island Records','602527998077'),
	(129,1,'2007','EU #1','1735379 02','Interscope','0251735379'),
	(129,2,'2007','EU #2','06025 177 674-2 01 * 52144484','Interscope','0251776742'),
	(129,3,'2007','EU promo','VULGAR01 01','Interscope','-'),
	(129,4,'2007','US promo acetate','-','Interscope','-'),
	(130,1,'2011','UK promo','-','Domino/RekordsRekords','-'),
	(131,1,'1998','','IFPI L791 161134-2W1','Man\'s Ruin','3197500932'),
	(131,2,'2000','re-press','USMD-CA 05731-A MR093-1217','Man\'s Ruin/RED Distribution','3197500932'),
	(132,1,'1998','','IFPI L792 167898-W1-8252-A **MR 113**','Man\'s Ruin','3197501132'),
	(132,2,'2000','re-press','USMD-CA 05726-A MR113-1217','Man\'s Ruin/RED Distribution','9967510122'),
	(132,3,'1998','promo','IFPI L792 167898-W1 8252-A **MR 113**','Man\'s Ruin','-'),
	(133,1,'1999','','IFPI L793 173440-2XD1-9177-A *MR123CD*','Man\'s Ruin','3197501232'),
	(133,3,'1999','promo','173440-2XD1-9177-A MR123CD','Man\'s Ruin','-'),
	(133,2,'2000','re-press','USMD-CA 05728-A MR123-1217','Man\'s Ruin/RED Distribution','9967510152'),
	(134,1,'2001','','DOC-31956-1 RR1','SouthernLord/RekordsRekords','-'),
	(134,2,'2001','promo 1','-','SouthernLord','-'),
	(134,3,'2001','promo 2','REK01','Southern Records/RekRek','-'),
	(135,1,'2003','','IPC 44C D 02%%','Ipecac','-'),
	(135,2,'2003','enhanced','06024 986 570-4 01 * 52413611','Island','0249865704'),
	(135,3,'2003','promo acetate','-','Island','-'),
	(139,1,'2003','','-','Universal Island Records','-'),
	(140,1,'2000','','USMD-CA 05751-A','Man\'s Ruin','-'),
	(141,2,'2003','EU promo 2','DISCTRONICS CID835 02','Island','0249812964'),
	(141,1,'2003','EU promo 1','DISCTRONICS CIDDJ835 01','Island','-'),
	(142,1,'1997','','L-49391 - MR-081-A, L-49391X - MR-081-B','Man\'s Ruin','Blue press, 10\"'),
	(142,2,'200x','boot','THE DESERT SESSIONS 1+2 A','Man\'s Ruin','Red press, 12\" A-side, no official release'),
	(143,1,'1997','','L-49777 - MR-082-A, L-49777X - MR-082-B','Man\'s Ruin','Orange press, 10\"'),
	(143,2,'200x','boot','THE DESERT SESSIONS 1+2 B','Man\'s Ruin','Red press, 12\" B-side, no official release'),
	(144,1,'1998','colored inside','L-49889 - MR-111-A, L-49889X - MR-111-B','Man\'s Ruin','Clear press, 10\"'),
	(144,2,'1998','brown/white inside','L-49889 - MR-111-A, L-49889X - MR-111-B','Man\'s Ruin','Clear press, 10\"'),
	(144,3,'200X','boot','THE DESERT SESSIONS 3+4 A','Man\'s Ruin','Green press, 12\" A-side, no official release'),
	(145,1,'1998','','L-50638 - MR-112-A, L-50638X - MR-112-B','Man\'s Ruin','Cream press, 10\"'),
	(145,2,'200x','boot','THE DESERT SESSIONS 3+4 B','Man\'s Ruin','Green press, 12\" B-side, no official release'),
	(146,1,'1999','','L51627 - MR-121-A, L51627X - MR-121-B','Man\'s Ruin','Clear press, 10\"'),
	(146,2,'200X','boot','THE DESERT SESSIONS 5+6 A','Man\'s Ruin','Pink press, 12\" A-side, no official release'),
	(147,1,'1999','','L-51626 - MR-122-A, L-51626X - MR-122-B','Man\'s Ruin','Clear press, 10\"'),
	(147,2,'200x','boot','THE DESERT SESSIONS 5+6 B','Man\'s Ruin','Pink press, 12\" B-side, no official release'),
	(147,3,'1999','test press (thx Pete)','MR 122-A-L-51626, MR 122-B-L-51626 X','Man\'s Ruin','Black press, 10\", run of 8'),
	(149,1,'2001','','RR1-SUNN12 Sessions 7-A, 7-B, 8-A, 8-B','RekordsRekords/SouthernLord','Black/White press, 2x10\"'),
	(148,1,'2002','boot','RESURRECTION-1598-A, B, C, D','none','Black/Red press, 2x12\"'),
	(150,1,'2003','','IPC-44-A, B, C, D','RekordsRekords','Black press, 2x10\"');

/*!40000 ALTER TABLE `subrelease_bak` ENABLE KEYS */;
UNLOCK TABLES;


# Dump of table type
# ------------------------------------------------------------

DROP TABLE IF EXISTS `type`;

CREATE TABLE `type` (
  `type` varchar(10) NOT NULL,
  `name` varchar(10) NOT NULL,
  PRIMARY KEY (`type`),
  KEY `name` (`name`)
) ENGINE=MyISAM DEFAULT CHARSET=utf8;

LOCK TABLES `type` WRITE;
/*!40000 ALTER TABLE `type` DISABLE KEYS */;

INSERT INTO `type` (`type`, `name`)
VALUES
	('lp','Lp'),
	('other','Other'),
	('single','Single');

/*!40000 ALTER TABLE `type` ENABLE KEYS */;
UNLOCK TABLES;



/*!40111 SET SQL_NOTES=@OLD_SQL_NOTES */;
/*!40101 SET SQL_MODE=@OLD_SQL_MODE */;
/*!40014 SET FOREIGN_KEY_CHECKS=@OLD_FOREIGN_KEY_CHECKS */;
/*!40101 SET CHARACTER_SET_CLIENT=@OLD_CHARACTER_SET_CLIENT */;
/*!40101 SET CHARACTER_SET_RESULTS=@OLD_CHARACTER_SET_RESULTS */;
/*!40101 SET COLLATION_CONNECTION=@OLD_COLLATION_CONNECTION */;
